id,Title,Text,Reads,Likes,Shares,Hearts,Date Published
1,"""Interview: Struggles in Learning English and How to Improve""","""Interview: Struggles in Learning English and How to Improve
Image        

    An interview conducted among Chiway Repton School International High School Department students have highlighted the challenges faced by ESL and EAL students in learning English. The main difficulties identified were remembering vocabulary, speaking with correct grammar and struggling with reading and writing comprehension. These challenges were attributed to the lack of an English speaking environment for practice. 

    在对华锐莱普顿学校国际高的学生进行的采访中，强调了ESL和EAL学生在学习英语方面面临的困难。主要的挑战包括记忆词汇、正确运用语法进行口语表达，以及阅读和听力理解困难。这些问题主要是由于缺乏英语环境进行实践所导致的。

ImageImageImageImage

    In response to the issues of the ESL and EAL students, a subsequent interview of FLE students providing valuable advice on how to improve in these areas was undertaken. Firstly, they suggested that vocabulary can be broadened by reading more books and utilizing resources such as ReadTheory (link: http://readtheory.org). This will expose them to a wider range of words and help them practice using them in context. 

    为了解决这些问题，也对FLE学生进行了采访。采访内容提供了宝贵的建议，以帮助ESL和EAL学生在这些方面取得进步。首先，FLE学生建议通过阅读更多的书籍和利用资源，如ReadTheory（链接：https://readtheory.org），来扩大词汇量。这将使学生接触到更多的单词，并帮助他们在实际语境中运用这些单词。

    Secondly, FLE students emphasized the importance of gaining confidence in speaking English and improving pronunciation by practicing everyday, engaging in conversations with native speakers, and closely observing the pronunciation of native speakers to enhance their own skills. Thirdly, reading skills can be improved by reading more English books, digital books can be easily accessed online, providing an excellent opportunity for practicing and improving reading abilities. 

    其次，FLE学生强调了提高口语自信和发音的重要性。他们建议每天进行口语练习，与以英语为母语的人进行对话，并密切观察母语人士的发音，以提升自己的技能。第三，FLE学生建议通过阅读更多的英语书籍来提高阅读能力。他们还提到数字书籍可以在网上轻松获取，为练习和提高阅读能力提供了良好的机会。

ImageImageImage

    Additionally, FLE students recommended improving listening skills by listening to English radios or songs by favorite artists. Lastly, a source recommenced for improving overall English skills is 51 talk (link: http://51talk.ph). It is a website where native speakers give 25-minute lessons about different topics and this site can be accessed by anyone for free. 

    最后，FLE学生建议通过听英语广播或喜欢的艺术家的歌曲来提高听力技能。此外，他们还提到了一个有用的资源，51talk（链接：https://51talk.ph），该网站提供免费的25分钟课程，由以英语为母语的人提供，涵盖各种主题，可以进一步提高整体英语水平。

    In conclusion, the interviews conducted shed light on the issues ESL and EAL students face. The advice given by FLE students not only provides valuable insights but also assists in creating an English speaking environment that fosters improvement in English proficiency. This will ultimately boost confidence in speaking and learning English.

    总之，通过对FLE学生的采访，我们得到了不仅能帮助ESL和EAL学生解决问题，还能创造一个有利于提高英语水平的学习环境。这将最终增强学生们在口语和英语学习方面的信心。

Written By: Sachiko Ting 

Edited and Translated By: Angela Shi

ImageImage



Send Message""",198,12,10,1,2024-01-16
2,"""Strength in Struggle""","""Strength in Struggle
Image

Life—it's tough, draining, and a shared experience for us all. Many wake up and fall asleep with troubled thoughts and heavy hearts, grappling with struggles in school, family, friendships, or love. These hardships might seem like they drag us down, hindering our progress. But is that really the case? Do the hardships we face tear us apart and thwart our goals? No. Seriously, no. While most would argue against it, consider this: Can you achieve greatness without hardships and effort? And would it still be fulfilling to achieve something without lifting your finger? Absolutely not, so reconsider.

 

生活——对我们所有人来说都是艰难的，令人筋疲力尽的。许多人入睡时都带着烦恼的想法和沉重的心情，醒来时亦是如此，在学校、家庭、友谊或爱情中挣扎。这些困难看起来似乎是我们的累赘，但事实真是如此吗？我们面临的困难是否会使我们粉身碎骨，并最终阻碍我们实现梦想？不，说真的，并非如此。虽然大多数人会下意识地反对这一点，但请考虑一下：不经历困难和努力，你能取得伟大成就吗？不费吹灰之力就能实现的某些目标能让你有成就感吗？显然不行，所以，请重新思考一下这些煎熬的意义。

 

In life, the battles we conquer and endure are countless and will likely remain endless. Should we really allow these obstacles stop us from reaching our goals? Do we really have to give up?

 

在生活中，我们承受并踏平了无数场战斗，而它们很有可能永远不会终结。那么，我们难道要让这些障碍成为我们与最终的目标之间的高墙吗？我们真的会选择放弃吗？

 

I’d say giving up should never be an option. Taking a moment to pause, rest, and heal ourselves is the better choice. It's okay to take a break, to run away, and turn a blind eye. After all, we're only human. But when the time comes, when you're ready, please come back, wake up, open your eyes, and welcome the battle in front of you. You're not alone. Everyone else is on this journey.

 

我想，放弃永远不应该是一种选择。花点时间停下来、歇一会、治愈自己是更好的选择。即使是逃避般地闭上双眼也没关系。毕竟，我们只是人类。但当时机来临，而你准备好了，请回到现实，从美梦中醒来，睁开你的眼睛，去直面眼前的战斗。要知道你不是一个人，世界上的所有人都在体验着这个过程。

 

I grew up with hardships; I learned, realized, and matured because of them. 2023 was one of the worst years of my life. Some might consider it an exaggeration, but I can still feel the pain I endured. I felt like a shadow, blankly staring at the stars—barely visible and silently a threat. From family, lovers, friends, and classmates to strangers, I felt lost and distant from everyone. I was like a ghost, wafting through the crowd. My feelings built their own forest, a heart fragile as a faded petal released by time, and memories dreadful as a river filled with tears and sorrow. I have so many things I wanted to tell myself, things I share with you now: Find meaning.

 

我在苦难中成长——也因为它们而学习到知识、意识到哲理、变得成熟。2023 年是我一生中最糟糕的一年。也许有人会觉得这样说有些夸张，但我仍然能感受到我所承受过的痛苦。 我感觉自己就像一个影子，茫然地凝视着星星——几乎没人能看得见我，而我就在在沉默中构成无声的威胁。从家人、爱人、朋友、同学到陌生人，我在每个人身上都感受到了迷茫和疏离，就像一缕在人群里飘忽不定的魂灵。我心中的情感建立了它们自己的森林，其中有一颗如随着时间凋零的花瓣般脆弱的心，和好像一条充满泪水的河流般悲伤的记忆。我有很多话想告诉当时的自己，现在我分享给你们：去找到意义。

 

I’m pretty sure many of us are exhausted from sitting and paying attention in class for almost the whole day over the week. Spending our lives devoted to studying, especially away from the warmth of our homes, prompts the question: Is all of this really worth it? Is everything truly deserving of our effort and time? It depends. I believe the most important thing in this world is meaning—for us to move on and work harder, especially for ourselves. So, for me, yes. Studying and working hard is deserving, even if it costs me rivers of tears and centuries of time. I'd still continue because it means feeling proud and satisfied for the effort I've put in (even while enjoying). Working hard, pursuing my dreams, enduring hardships, and striving for the future make my life in school more than just basic exhaustion; but a significant growth day by day. To me, there's meaning in choosing to study in China, specifically in Repton. Because I know, at the end of the day, studying and the hardships it brings will always be worth the struggle.

 

我相信我们中的许多人都因上学而感到精疲力竭——在整整五天里，几乎每一天都要坐在课堂上拼命集中着注意力。我们将一切奉献给学习，更远离温暖的家，这不禁引发了一个问题：这一切真的值得吗？学校的一切真的值得我们付出努力和时间吗？答案并不绝对。我相信这个世界上最重要的事情就是意义——它们让我们得以继续前进并更加努力，尤其是对我们自己这些个体来说。所以我会说，是的——努力学习和工作是值得的，即使我付出了无数的泪水和漫长的时间，我仍然会继续。因为这意味着我能对自己的疲惫感到自豪和满足。付出努力，忍耐煎熬：我们的校园生活不仅仅是单纯的受累；追求梦想，走向未来：而是日复一日的磨砺与成长。对我来说，选择来中国学习，特别是在这所学校学习是很有意义的。因为我知道，最终学习和它带来的艰辛总是值得的。

 

Now, I'm outside the world. I've found my meaning once again. My eyes are sparkling, my heart is pounding, I'm running—I feel alive. In this school filled with seemingly dead and broken souls, I'm here, full of life and laughter once again.

 

现在，我已能抽身至现实之外了——我找到了自己的意义。如今，我的眼睛能映射出光芒，我的心在有力的搏动，我的双腿在坚实土地上自由的奔跑——我感到自己还活着。在这里，在这所似乎满是破碎的灵魂的学校里，我再度感到生机和欢笑溢满了我的心灵。



Written By: Jamila Gapuz

Edited By: William Chen

Translated By: Grace Cai



ImageImage""",227,13,16,2,2024-01-24
3,"""付费自习室的兴起，预示着什么?""","""付费自习室的兴起，预示着什么?
Image

付费自习室的兴起，预示着什么？

The Rise of Paid Study Rooms: What Does It Signify?

在许许多多的城市中隐藏着几件方斜的矮房，刷白整齐的墙壁，独立的学习空间，配备齐全的设施，明确的分区......

Hidden in many cities are small, slanted buildings with neatly painted walls, independent study rooms, and well-equipped facilities with tidily divided space...

2019年，可以被称为中国自习室兴起的一年，也是中国自习室的元年。短短的一年时间里；在发达的北京、上海已经有超过80家的付费自习室，沈阳、西安、成都也都拥有了60 多家。直到今日，去付费自习室的人数将近2000万。

In 2019, which can be called the year of the rise of paid study rooms in China, it marked the beginning of paid study rooms in the country. In just one year, there were already over 80 paid study rooms in developed cities like Beijing and Shanghai, and over 60 in cities like Shenyang, Xi'an, and Chengdu. As of today, the number of people going to paid study rooms is close to 20 million.

与此同时，质疑“付费自习室”有无必要的声音一直没有消失。人们不禁疑问：在这样的大城市里，图书馆肯定是必备，那有需要的人们为何不去图书馆，反而要“矫揉造作”地去一个付费，却和图书馆没什么区别的地方呢？

At the same time, there have always been voices questioning the necessity of ""paid study rooms."" People can't help but wonder: in such big cities, libraries are definitely essential, so why do people choose to go to a paid place that is no different from a library instead?

首先，根据中国国家统计局发布的《中国统计年鉴2019》里的数据来看，全国公共图书馆的数量约为3200个，而美国在2016年便已达12万所。在这日新月异的信息环境以及日益增多的求学者面前，中国图书馆的数量显然是有一些捉襟见肘的。与日韩国家不一样的是，中国并没有类似的先例。在其他国家已经普及的情况下，在自习室里过夜刷剧称的上是常态，对于他们来说自习室更像一个暂时居所。但在中国，可以留着过夜，且有一定空间的地方也就只有网吧了。虽然图书馆可以让大部分人感到差强人意，但因为学习需求的差异化，图书馆这一大众服务对部分群体来说必定会有所不足。因此在社会需求没有得到满足，这种空间租赁服务定然应运而生。

Firstly, according to data from the ""China Statistical Yearbook 2019"" released by the National Bureau of Statistics of China, there are approximately 3,200 public libraries nationwide, while the United States had reached 120,000 in 2016. In this rapidly changing information environment and with an increasing number of learners, it is evident that China's number of libraries falls short. Unlike Japan and South Korea, China does not have a similar precedent. In countries where this is already common, it is normal to stay overnight and watch dramas in study rooms. For them, study rooms are more like temporary residences. However, in China, the only places where you can stay overnight and have some space are internet cafes. Although libraries may suffice for most people, due to the differentiation in learning needs, libraries as a public service will inevitably fall short for certain groups. Therefore, when social demands are not met, this kind of space rental service naturally emerges.

换而言之，付费自习室像是一种付费的增值服务。那么除了硬件上的设施，在精神层面上有没有一些正面效益呢？

In other words, paid study rooms can be seen as a form of paid value-added service. Apart from the hardware facilities, are there any positive benefits at the mental level?

相较于城市公共图书馆没有任何门槛的社会福利性质，付费自习室有一定的门槛，人们只有通过消费，才能得到相对应的学习空间，金钱与空间进行置换的原理，就必然可以过滤掉大部分的不以学习为目标的人，同时也反向筛选出了一批愿意付出一定代价的人，营造了一个对于学习来说是正面的环境。

Compared to the social welfare nature of public libraries, which have no barriers to entry, paid study rooms have certain thresholds. People can only gain access to corresponding study spaces by paying, and the principle of exchanging money for space naturally filters out most people who do not have studying as their goal. At the same time, it also selects a group of people who are willing to pay a certain price, creating a positive environment for learning.

如果我们再抽离一下现象，付费自习室可以说是花钱买自律吗？我们都知道同样价值的东西，你对其的沉没成本越大，其对你的吸引力就越大。就像是人们在吃自助餐时总会想着吃回本一样。可能是一个同样安静的环境，在你付了钱之后，你会更加明确你的目标，而学习的筹码也会随之变大。大多数时候，你所付出的与你所期望的是成正比的，虽然不能等同，但一根人愿意花钱去买一份安静买一份安心，肯定是对于自己的学习有所计划，有所期望的。

If we abstract from the phenomenon, can we say that paying for study rooms is like buying self-discipline? We all know that the greater the sunk cost for something of equal value, the more attractive it becomes to you. It's like how people always think about eating enough to get their money's worth at a buffet. Perhaps in an equally quiet environment, after you have paid, you will have a clearer goal, and the stakes for studying will be higher. Most of the time, what you invest is proportional to what you expect. Although they are not equivalent, it is certain that someone willing to spend money to buy peace and tranquility is planning and expecting something for their own learning.

付费自习室兴起与东南亚地区，这与东方的理念有很大的联系。在东方的小农社会看来，能力完全是可以通过努力改变的，任何的负面反馈都会被当作需要努力的信号来接受。所以会产生对于“努力”来说是增益效果的“付费自习室”。

The rise of paid study rooms is closely related to Southeast Asia and has a strong connection with Eastern philosophies. In traditional Eastern agricultural societies, ability was believed to be formed through hard work, and any negative feedback to a person’s work was seen as a signal to strive harder. This mindset developed the concept of paid study rooms as a useful method to enhance one's efforts.

这个时代，知识付费已经不是什么新鲜事了，人们心中对知识的渴望愈加强烈，害怕知识匮乏的恐惧在社会蔓延。在互联网信息爆炸的今天，学习资源大部分开源的今天，“躺平”和“内卷”同时出现。人们对扑面而来的“新世界”感到无所适从，对“无知”的害怕也达到了前所未有的高度。考功和考研的热度高居不下，在一个本科率只有5%国家的互联网上，大学生、博士生、研究生“满街跑”，高学历的“人才”好像已经泛滥成灾。人们常说“吃啥补啥”，那由此看来想要当“人上人”的最好办法就是“吃人”。在现在这个社会上，不断地贩卖焦虑，看着人们在恐惧中去购买“付费自习室”这一特效药，将自己的时间压榨，将自己的精力耗尽，恨不得给自己存储知识的大脑冲个永久的SVIP，给传输的知识加速，给自己的人生加速。

Nowadays, knowledge payment is no longer a novelty. People's desire for knowledge has become even stronger, and the fear of not having enough knowledge is spreading everywhere. In today's society, information explodes on the internet, where most learning resources are accessed with no need to pay, two phenomenon appeared simultaneously, ""lying down"" (rejecting intense competition) and ""involution"" (intensified competition). People feel overwhelmed by the overwhelming ""new world"" and have an unprecedented fear of ""ignorance"" and the popularity of exams and postgraduate entrance exams remains high. In a country where the undergraduate admission rate is only 5%, university students, doctoral candidates, and postgraduates can be seen everywhere, and the abundance of highly educated ""talents"" seems to have become a problem. As the saying goes, ""you are what you eat."" Therefore, the best way to become an ""elite"" seems to be to ""consume"" others. In today's society, anxiety is constantly being advertised. People are driven by fear to purchase the ""magic pill"" of paid study rooms, squeezing their time and exhausting their energy. We can say, we are now eager to get our brains a permanent SVIP status for storing knowledge, accelerate the transmission of knowledge, and speed up our own lives.

总而言之，付费自习室的兴起不仅是因为社会公共空间资源的供不应求，更多的则是在社会发展下，人们在无形的压力下，资源或被迫地去付出可承担的一定代价买一些隐形的，或许是长期效应的服务。 

In conclusion, the rise of paid study rooms is not only due to the scarcity of public space resources but also because people, under pressures in society, are compelled to pay a certain affordable price for hidden services that may have long-term benefits.

Written By: Zeyuan Wu

Edited and Translated By: Grace Cai

ImageImage""

",319,10,13,2,2024-01-31
4,"""Focus""","""Focus
Image

Were you ever given a task that you should be able to do, yet you end up doing a lot worse than you should have? Maybe it was so easy that the embarrassment of failure got into your head. Maybe the opposite is true: it was hard but important, so the fear of failure got into your head. Whatever the reason is, it caused you to fail and left you wondering: what happened? 

你是否曾经被赋予一项你本应该能够好好完成的任务，但你最终却做得比你应该做的更糟糕？ 也许是因为这项任务太简单了，失败的尴尬就进入了你的脑海。 也许恰恰相反：这项任务很困难但很重要，所以你的大脑对失败产生了恐惧。 不管是什么原因，它都会导致你失败，并且让你问一问自己：到底发生了什么？

The answer lies in a paradox: the more afraid you are of failing, the more you will fail. This can be explained through a concept known as selective attention, which states that your brain can actively and consciously focus on only one thing at a time. While you are distracted by the fear of failure, you, critically, are not focused on the one thing you should focus on: how to best do the thing you are doing. Our brains love to wander off into disastrous futures, forgetting that we, like always, are still in the present.

答案在于一个悖论：你越害怕失败，你就越会失败。 这可以通过选择性注意力的概念来解释，它指出你的大脑一次只能主动且有意识地关注一件事。 当你因对失败的恐惧而分心时，重要的是，你没有专注于你应该专注的事：如何最好地做你正在做的事情。 我们的大脑喜欢迷失在灾难性的未来中，忘记了我们一如既往地活在当下。

The effects of this can be rather detrimental. I felt this during my last math contest in elementary.  During the elimination round, I and two other participants from my school answered a test wherein only the top two scorers moved on if their school’s combined score made it to the top 30. That year, one of my school’s usual participants left for another school and was replaced. I was a bit worried that this new replacement may have what it takes to eliminate me. I had no reason to believe this, having scored the highest in every practice test. However, that didn’t stop me from constantly glancing over my shoulder to see how well she was doing during the test. The result? I finished last and got eliminated from the contest. Did I lose because I lacked the ability to do so? I don’t think so, at least not in terms of math. I lost because I did not focus on the one thing I should have been focusing on: answering the test.

这种影响是相当有害的。我在小学的最后一次数学竞赛中感受到了这一点。 在淘汰赛中，我和学校的另外两名参与者回答了一项测试。如果我考在学校里的前两名，并且学校的综合分数能在全城学校当中进入前 30 名，我才能继续前进。那一年，我学校的一位参与者转去了另一所学校，并被替换了。我有点担心我会被这个新的替补淘汰。我并没有理由相信这一点，因为我在每次练习测试中都取得了最高的成绩。然而，这没有阻止我不断地回头看看她在测试中做得有多好。结果如何？我最后一名完赛，在比赛中被淘汰了。我输了是因为我没有能力赢吗？我不这么认为，至少在数学能力方面不是这样。我输了，是因为我没有专注于我本应该专注的：回答测试。

Now that we know where the problem comes from and how serious it could be, how do we solve it? After all, I don’t think anyone tries to think about failure, let alone focus on it. 

既然我们知道了问题的根源以及问题的严重性，那么我们该如何解决呢？ 毕竟，我认为没有人试图思考失败，更不用说专注它了。

The first thing to do is accept that you might fail. It should not be confused with settling for less than what you can achieve and definitely does not mean believing you will fail and therefore should not try. Accepting failure is accepting that whatever outcome happens, happens. To do this, you have to redefine success. Success is not necessarily the absence of failure or the achievement of goals. Success is just knowing that you tried to the best of your ability and that there was nothing else you could have reasonably done better.

首先要做的就是接受你可能会失败的事实。 这不应该与满足于低于你能实现的目标相混淆，并且绝对不意味着相信你会失败，因此不应该尝试。 接受失败就是接受无论发生什么的结果。 要做到这一点，你必须重新定义成功。 成功并不一定意味着没有失败或实现了目标。 成功就是知道你已经尽了最大的努力，并且没有什么可以做得更好的了。

Secondly, while doing a task, clear everything from your mind that is not related and focus on the task at hand. Try to keep a confident and positive attitude. Don’t think about how things might go wrong; instead, focus on making them go right. Break the task into bits and focus on achieving one part at a time. 

其次，在做任务时，清除头脑中不相关的一切，专注于手头的任务。 努力保持自信和积极的态度。 不要专注于事情会如何出错； 相反，把精力集中在成功地完成任务。 将任务分解为多个部分，并集中精力一次完成一个部分。

Lastly, you can think of success and failure as probabilities that reflect your skill level. With enough results, the results form a bell curve, falling within reasonable expectations. Therefore, don’t focus on showcasing your abilities or meeting expectations because if you follow the tips above, you naturally will.

最后，你可以将成功和失败视为反映你的技能水平的概率。 有了足够的结果，结果就会形成钟形曲线，落在合理的预期范围内。 因此，不要专注于展示你的能力或满足期望，因为如果你遵循上面的提示，你自然会做到。

Written By: Henry Chen

Edited and Translated By: William Chen

ImageImage""

",145,8,7,3,2024-02-06
5,"""Hamilton 汉密尔顿""","""Hamilton 汉密尔顿


Hamilton--an epic of freedom, fights, life, and love--and my own opinions and feelings about it

汉密尔顿--一部关于自由、战斗、生命和爱的史诗--以及我自己的看法和感受

History of the USA, words that would make you sleepy in your class. What word first jumps in front of your eyes when someone mentions it? Boring? Harsh? A bunch of people with shabby white wigs, using archaic words to describe how fabulous their policies are?

美国历史，一些会让你在课堂上昏昏欲睡的单词。 当有人提到那个词时，你首先想到的是什么？ 无聊？ 残酷？ 一群戴着破旧的白色假发的人，用古老的词语来描述他们的政策有多么美妙？

OK. I’d like to add a funnier word--hip-pop music. Isn’t it difficult to think a piece of art could combine these two together? Let’s open our eyes to the main character today--the melodrama, Hamilton, composed by Lin Manuel Miranda.

好的。 我想添加一个更有趣的词——嘻哈流行音乐。 很难想象一件艺术品可以将这两者结合在一起吧？ 让我们一起来看看今天的主角——林·曼努尔·米兰达创作的情节剧《汉密尔顿》。

Image

As a musical play, Hamilton used different styles of songs to tell the story including rap, jazz, and the typical Broadway theme. The whole show has a unique texture, like a thick and bright picture drawn on smooth, brown parchment paper. Most of these songs are the bricks of Alexander Hamilton’s life--a helpless orphan, a powerful writer, and warrior, an incompetent husband, a hardworking politician.… More importantly, a complicated but simple person, who loved and hated and lived a colorful life.

作为一部音乐剧，《汉密尔顿》使用了不同风格的歌曲来讲述故事，包括说唱、爵士乐和典型的百老汇主题。 整个展览有一种独特的质感，就像在光滑的棕色羊皮纸上绘制的厚重而明亮的图画。 这些歌曲大多是亚历山大·汉密尔顿一生的积木——一个无助的孤儿、一个有权有势的作家、一个战士、一个无能的丈夫、一个勤奋的政客……更重要的是，一个复杂却简单的人，爱过恨过，过着丰富多彩的生活。

Alexander is not on the list of my favourite characters, but two people around him who created the key points of his life really caught my eye.

亚历山大并不在我最喜欢的人物名单上，但他周围创造了他人生关键点的两个人确实引起了我的注意。

Angelica Schuyler is one of the women who truly affected Alexander. She is the oldest daughter in a rich family. Although she’s a woman who lived in the 18th century, she still learned a lot from books by herself and was as brave as any other man. Satisfied, one of the most popular songs in the play, is known by all fans as a story about our big sister, Angelica, who gave up her own love to Alexander for her sister even though she’s the one who could really understand him and he is the man who could truly know her from heart. This could have become a traditional triangle relationship about how sisters fight with each other for falling in love with the same guy, but look at the words from Angelica:

安吉丽卡·斯凯勒是真正影响亚历山大的女性之一。 她是一个富裕家庭的长女。 虽然她是一个生活在18世纪的女人，但她仍然自己从书中学到了很多东西，并且拥有男人般的勇敢。 《满足》是剧中最受欢迎的歌曲之一，被所有粉丝都知道的是关于我们的姐姐安洁莉卡的故事。她为了姐姐放弃了对亚历山大的爱，尽管她是真正能理解他和他是一个能够真正从心里了解她的男人。 这本可以成为传统的三角关系，姐妹们为了爱上同一个男人而互相争斗，但看看安洁莉卡的话：

“I know my sister like I know my own mind; you will never find anyone as trusted or as kind.”

“我了解我的妹妹，就像我了解自己的想法一样； 你永远不会找到像她这样值得信赖和善良的人。”

“If I tell her that I love him, she’d be silently resigned. He’ll be mine. She would say ‘I’m fine’, but she’d be lying.”

“如果我告诉她我爱他，她就会默默地听天由命。 他将是我的。 她会说‘我很好’，但她在撒谎。”

The truth is: her love for her sister is deeper than her feelings for Alexander. After Alexander cheated on her sister, Eliza, she still put down her love for him and tried her best to protect her sister. She was strong and independent enough to live freely by herself in a society that didn’t provide equal rights between men and women. Like a wild lily who blossoms in the storm.

事实是：她对妹妹的爱比对亚历山大的感情更深。 亚历山大背叛了妹妹伊丽莎后，她仍然放下了对他的爱，竭尽全力保护妹妹。 她足够坚强和独立，能够在一个没有提供男女平等权利的社会中自由地生活。 就像一朵在暴风雨中绽放的野百合。

Here, we’re talking about another woman who painted bright colors in the history of Alexander Hamilton--his wife, Elizabeth Schuyler. There is a detail in the first song Alexander Hamilton--Angelica passed Alex a book while Eliza helped him wear his coat. The scene has a meaning that is as clear as glass--Angelica is the companion of Alexander for his mind and Eliza stands for his body and life. She took care of everything in the family just like a minister of treasury of their home. But she’s more than “ the best of the women and the best of wives.” After the unimaginable death of her husband, son, and siblings, she overcame all that sadness that could have easily crushed her like a leaf. She started working day and night to collect the papers and records of Alexander and other founding fathers. “She overcame so many difficulties,” the author of the book Alexander Hamilton, Ron Chernow, said. “Eliza protected all those necessary information and materials; it helped us a lot during the research.” In the last few scenes of the play, it seems that Alex’s soul still lives in Eliza with that non-stop spirit. She sang on the stage to raise finance for the monument of Washington and was dedicated to charity for women’s rights, but the thing that she was proud of is that she set up the first orphanage in New York City. From some perspectives, she lived a harder but happier life than her sister. After 97 tiring and tough years, she, Angelica, and Alexander now sleep underground in the same church. For this silent, strong woman, full of wisdom, I think that this is the best ending.

在这里，我们谈论的是另一位在亚历山大·汉密尔顿的历史上留下亮丽色彩的女性——他的妻子伊丽莎白·斯凯勒。 第一首歌亚历山大·汉密尔顿（Alexander Hamilton）中有一个细节——安吉莉卡（Angelica）递给亚历山大一本书，而伊丽莎（Eliza）帮他穿上外套。 这一幕的意义如玻璃般清晰——安杰莉卡代表亚历山大的心灵伴侣，伊丽莎代表他的身体和生命。 她就像家里的财政部长一样，打理着家里的一切。 但她不仅仅是“最好的女人和最好的妻子”。 在她的丈夫、儿子和兄弟姐妹不可思议地去世后，她克服了所有可能像树叶一样轻易压垮她的悲伤。 她开始夜以继日地收集亚历山大和其他开国元勋的文件和记录。 “她克服了很多困难，”《亚历山大·汉密尔顿》的作者罗恩·切尔诺说。 “伊丽莎保护了所有重要的信息和材料； 这些在研究过程中给了我们很大帮助。” 在剧的最后几个场景中，亚历山大的灵魂似乎仍然以那种永不停息的精神生活在伊丽莎身上。 她在舞台上唱歌，为华盛顿纪念碑筹集资金，并致力于妇女权利慈善事业，但令她最自豪的是她在纽约市建立了第一所孤儿院。 从某些角度来说，她的生活比她姐姐更辛苦，但也更幸福。 经过 97 年的疲惫和艰难，她、安吉莉卡和亚历山大现在睡在同一座教堂的地下。 对于这个沉默、坚强、充满智慧的女人来说，我想这就是最好的结局。

All in all, I hope this story of love and life can exist forever in every fan’s heart and that when they hear the name, they can always spell it full of pride and passion--Alexander Hamilton.

总而言之，我希望这个关于爱与生命的故事能够永远存在于每一位粉丝的心中，并且当他们听到这个名字时，总是能够充满骄傲和激情地拼写出来——亚历山大·汉密尔顿。

Written By: Hestia Zheng

Edited and Translated By: Henry Chen
ImageImage""

",320,10,12,1,2024-02-13
6,"""Social Anxiety 社交焦虑""","""Social Anxiety 社交焦虑
Image

Reducing social anxiety involves a multifaceted approach that addresses cognitive, behavioral, and emotional aspects of this common condition. It's crucial to recognize that overcoming social anxiety is a gradual process that requires patience and consistent effort. One effective strategy is to challenge negative thought patterns that contribute to anxiety. Start by identifying irrational beliefs about social situations and replace them with more realistic and positive thoughts. Cognitive-behavioral therapy (CBT) is a therapeutic approach that can help individuals reframe their thinking patterns and develop healthier perspectives on social interactions.

减少社交焦虑需要采取多方面的方法来解决这种常见状况的认知、行为和情感方面。 重要的是要认识到克服社交焦虑是一个渐进的过程，需要耐心和持续的努力。 一种有效的策略是挑战导致焦虑的消极思维模式。 首先识别对社会情境的非理性信念，并用更现实和积极的想法取代它们。 认知行为疗法（CBT）是一种治疗方法，可以帮助个人重新构建思维模式并形成对社交互动更健康的看法。

Another important aspect of managing social anxiety is gradual exposure to social situations. This involves progressively exposing oneself to feared social scenarios, starting with less anxiety-provoking situations and gradually working up to more challenging ones. This exposure allows individuals to build confidence and resilience in facing social fears. It's essential to set realistic goals and celebrate small victories along the way.

管理社交焦虑的另一个重要方面是逐渐接触社交场合。 这包括逐渐将自己暴露在令人恐惧的社交场景中，从不太引起焦虑的情况开始，逐渐过渡到更具挑战性的情况。 这种接触可以让个人在面对社会恐惧时建立信心和弹性。 设定切合实际的目标并庆祝一路上的小胜利至关重要。

Learning and practicing relaxation techniques can also be beneficial in reducing social anxiety. Deep breathing exercises, mindfulness meditation, and progressive muscle relaxation can help calm the body and mind, making it easier to navigate social situations. These techniques can be incorporated into daily life to build resilience against anxiety-provoking moments.

学习和练习放松技巧也有助于减少社交焦虑。 深呼吸练习、正念冥想和渐进式肌肉放松可以帮助平静身心，从而更轻松地应对社交场合。 这些技巧可以融入日常生活中，以增强抵御焦虑时刻的能力。

Developing strong social skills is another key component of overcoming social anxiety. Social anxiety often stems from a fear of judgment or rejection, and improving interpersonal skills can boost confidence and decrease anxiety in social settings. Practicing active listening, maintaining eye contact, and asking open-ended questions are skills that can enhance social interactions and help individuals feel more at ease.

培养强大的社交技能是克服社交焦虑的另一个关键组成部分。 社交焦虑通常源于对判断或拒绝的恐惧，提高人际交往能力可以增强自信并减少社交场合的焦虑。 练习积极倾听、保持目光接触和提出开放式问题都是可以增强社交互动并帮助个人感到更自在的技能。

Self-compassion is a vital element in reducing social anxiety. Treat yourself with kindness and understanding, recognizing that everyone makes mistakes and faces challenges in social situations. Avoid harsh self-judgment and negative self-talk, as these only reinforce anxiety. Instead, focus on self-encouragement and acknowledge your efforts to overcome social anxiety.

自我同情是减少社交焦虑的重要因素。 以善意和理解对待自己，认识到每个人都会犯错，并在社交场合面临挑战。 避免严厉的自我评判和消极的自言自语，因为这些只会加剧焦虑。 相反，应该专注于自我鼓励并承认自己为克服社交焦虑所做的努力。

Building a support network is crucial in the journey to reduce social anxiety. Share your experiences with trusted friends or family members who can provide encouragement and understanding. Social support can offer validation and perspective, making it easier to confront and overcome social fears. Consider joining social groups or activities that align with your interests, providing opportunities to connect with like-minded individuals in a more relaxed setting.

建立支持网络对于减少社交焦虑至关重要。 与可以提供鼓励和理解的值得信赖的朋友或家人分享您的经历。 社会支持可以提供验证和观点，使人更容易面对和克服社会恐惧。 考虑加入符合您兴趣的社交团体或活动，提供在更轻松的环境中与志同道合的人联系的机会。

Mindfulness and acceptance-based approaches, such as Acceptance and Commitment Therapy (ACT), can be effective in reducing social anxiety. These approaches emphasize being present in the moment, accepting uncomfortable feelings, and taking actions aligned with personal values. Mindfulness practices can help individuals detach from anxious thoughts and foster a greater sense of self-awareness.

正念和基于接受的方法，例如接受和承诺疗法（ACT），可以有效减少社交焦虑。 这些方法强调活在当下，接受不舒服的感觉，并采取符合个人价值观的行动。 正念练习可以帮助个人摆脱焦虑的想法并培养更强的自我意识。

Addressing underlying issues through therapy is crucial for long-term relief from social anxiety. Professional therapists can help individuals explore the root causes of their anxiety, develop coping strategies, and work towards lasting change. In some cases, medication may be considered as part of a comprehensive treatment plan, particularly for individuals with severe social anxiety.

通过治疗解决根本问题对于长期缓解社交焦虑至关重要。 专业治疗师可以帮助个人探索焦虑的根源，制定应对策略，并努力实现持久的改变。 在某些情况下，药物可能被视为综合治疗计划的一部分，特别是对于患有严重社交焦虑的个体。

Consistent and intentional effort is key to successfully reducing social anxiety. Set realistic goals, celebrate progress, and be patient with yourself throughout the process. Remember that seeking support from mental health professionals, building social skills, and incorporating relaxation techniques into your routine are essential components of a holistic approach to overcoming social anxiety. By gradually facing fears, changing negative thought patterns, and cultivating self-compassion, individuals can pave the way to more fulfilling and confident social interactions.

持续而有意识的努力是成功减少社交焦虑的关键。 设定现实的目标，庆祝进步，并在整个过程中对自己保持耐心。 请记住，寻求心理健康专业人士的支持、培养社交技能以及将放松技巧融入您的日常生活中是克服社交焦虑的整体方法的重要组成部分。 通过逐渐面对恐惧、改变消极思维模式和培养自我同情心，个人可以为更充实、更自信的社交互动铺平道路。

Written By: Candace Chen

Edited and Translated By: Henry Chen

ImageImage""",373,16,22,3,2024-02-24
7,"""The Catcher in the Rye 麦田里的守望者""","""The Catcher in the Rye 麦田里的守望者
Image

The Catcher in the Rye is a novel written by American author J.D. Salinger that was published in serial form from 1945 to 1946 before being novelized in 1951. It is intended for adults but is often read by teenagers for its themes of angst and alienation. The novel also deals with themes of innocence, identity, belonging loss, connection, sex, and depression. 

《麦田里的守望者》是美国作家 J.D. 塞林格 (J.D. Salinger) 创作的小说，于 1945 年至 1946 年连载，并于 1951 年改编成小说。该书面向成年人，但因其焦虑和疏离的主题而经常被青少年阅读。 小说还涉及纯真、身份、归属感丧失、联系、性和抑郁等主题。

The novel is about a 16-year-old teenager, Holden Caulfield, the narrator and protagonist, telling the story of his adventures before the previous Christmas. The story begins with Holden at Pencey Prep School on his way to the house of his history teacher, Spencer, to say goodbye after he got expelled from the school because he failed most of his classes except English. After visiting Spencer, Holden encounters his roommate, Ward Straddler, who asks Holden to write an essay for English class while he goes out with an old friend of Holden’s. Holden writes about the baseball glove of his younger brother, Allie, who died of leukemia. When Stradlater returns, he tells Holden that the essay isn’t good. Holden storms out and leaves Pencey for New York City for Christmas break a few days earlier than planned.  

小说讲述了一位16岁的少年霍尔顿·考尔菲德（Holden Caulfield）作为叙述者和主人公，讲述了他在去年圣诞节前的冒险故事。 故事开始于潘西预科学校的霍尔顿，他因除了英语之外的大部分课程都不及格而被学校开除，他在前往历史老师, 斯宾塞饰 (Spencer) 家的路上告别。 拜访斯宾塞后，霍尔顿遇到了他的室友沃德·斯特拉德勒饰 (Ward Straddler)，室友要求霍尔顿在与霍尔顿的一位老朋友外出时为英语课写一篇论文。 霍尔顿写到了他死于白血病的弟弟, 艾莉 (Allie) 的棒球手套。 当斯特拉德莱特回来时，他告诉霍尔顿这篇文章不好。 霍尔顿比计划提前几天离开，离开彭西前往纽约市过圣诞假期。

Once arriving in New York, Holden could not go home, as his parents did not yet know that he had been expelled. Instead, he stays at the Edmont Hotel. His loneliness causes him to seek human interaction, which he does at the Lavender Room, the hotel’s nightclub. After interacting with some women there, he goes to another nightclub, only to leave after seeing his elder brother’s ex-girlfriend. When he gets back to the hotel, he orders a prostitute to his room, only to talk to her. This situation ends up with him getting punched in the stomach.

抵达纽约后，霍尔顿无法回家，因为他的父母还不知道他已被开除。 相反，他住在埃德蒙酒店。 他的孤独感促使他寻求人际互动，他在酒店的夜总会薰衣草室进行了这种活动。 与那里的一些女人交往后，他去了另一家夜总会，看到哥哥的前女友后才离开。 当他回到酒店时，他命令一名妓女到他的房间，只是为了和她说话。 这种情况最终导致他的腹部被打了一拳。

The next morning, Holden calls Sally Hayes, his ex-girlfriend. They spend the day together until Holden makes a rude remark, causing her to leave crying. Holden then meets up with a former schoolmate, Carl Luce, at a bar, but Luce leaves early because he becomes annoyed by Holden’s immature comments. Holden stays behind and gets drunk by himself.              

第二天早上，霍尔顿打电话给他的前女友, 莎莉·海耶斯饰 (Sally Hayes)。 他们一起度过了一天，直到霍尔顿说了一句粗鲁的话，导致她哭着离开。 随后，霍尔顿在一家酒吧遇见了以前的同学, 卡尔·卢斯饰 (Carl Luce)，但卢斯因为对霍尔顿不成熟的言论感到恼火而提前离开。 霍尔顿留在后面，自己喝醉了。

After Holden leaves, he wanders in Central Park until the cold drives him to his family’s apartment. He sneaks in, still unprepared to face his parents, and finds his 10-year-old sister, Phoebe. She is upset when she hears that Holden has failed out and accuses him of not liking anything. Holden describes to his sister his fantasy of being “the catcher in the rye,” inspired by a song he heard a little boy singing: “If a body catch a body comin’ through the rye.” Phoebe tells him that the words are “If a body meet a body coming through the rye,” from a poem by Robert Burns. 

霍尔顿离开后，他在中央公园闲逛，直到寒冷驱使他回到家人的公寓。 他还没准备好面对父母，就偷偷溜进去，找到了他 10 岁的妹妹, 菲比饰 (Phoebe)。 当她听说霍尔顿失败并指责他不喜欢任何事情时，她很沮丧。 霍尔顿向他的妹妹描述了他成为“麦田里的捕手”的幻想，灵感来自于他听到一个小男孩唱的一首歌：“如果一个人抓住一个穿过麦田的人。” 菲比告诉他，这句话是罗伯特·伯恩斯 (Robert Burns) 的一首诗中的“如果一个身体遇见一个穿过黑麦的身体”。

Soon, they hear their parents come home after a night out, and Holden sneaks away. He calls his former English teacher, Mr. Antolini, who tells Holden he can come to stay at his apartment. Holden falls asleep on Antolini’s couch and awakes to Antolini stroking his forehead, which Holden takes as sexual harassment. He immediately excuses himself and heads to Grand Central Station, where he spends the rest of the night. 

很快，他们听到父母晚上外出后回家的声音，霍尔顿偷偷溜走了。 他打电话给他以前的英语老师, 安托里尼先生 (Mr. Antolini)，后者告诉霍尔顿他可以来住在他的公寓。 霍尔顿在安托里尼的沙发上睡着了，醒来时发现安托里尼抚摸着他的额头，霍尔顿认为这是性骚扰。 他立即告辞，前往中央车站并在那里度过余下的夜晚。

When Holden awakes, he goes to Phoebe’s school and leaves a note, telling her that he plans to run away and asking her to meet him at a museum during lunch. She arrives with a packed bag and insists on going with him. He refuses her offer and takes her to the zoo instead, where he watches her ride the carousel in the pouring rain. This is where the flashback ends. The novel closes with Holden explaining that he has fallen “sick” but expects to go to a new school in the fall.    

当霍尔顿醒来时，他去了菲比的学校并留下了一张纸条，告诉她他计划逃跑并要求她在午餐时在博物馆见他。 她带着一个打包好的行李到达，并坚持要和他一起去。 他拒绝了她的提议，而是带她去了动物园，在那里他看着她在倾盆大雨中乘坐旋转木马。 闪回到此结束。 小说结尾处，霍尔顿解释说他“病了”，但预计秋天会去一所新学校。 

The Catcher in the Rye takes the loss of innocence as its primary concern. Holden wants to be the “catcher in the rye”—someone who saves children from falling off a cliff, which is a metaphor for entering adulthood. As Holden watches Phoebe on the carousel, engaging in childlike behavior, he is overcome with happiness. By taking her to the zoo, he allows her to maintain her childlike state, thus being a successful “catcher in the rye.” During this time, however, watching her and the other children on the carousel, he has also come to accept that he cannot save everyone: “If they want to grab for the gold ring, you have to let them do it, and not say anything. If they fall off, they fall off.”

《麦田里的守望者》以失去纯真为首要关注点。 霍尔顿想成为“麦田里的守望者”——拯救孩子免于坠落悬崖的人，这是进入成年的隐喻。 当霍尔顿看着旋转木马上的菲比做出孩子般的行为时，他感到无比幸福。 通过带她去动物园，他让她保持童心，从而成为一名成功的“麦田里的捕手”。 然而，这段时间，看着她和旋转木马上的其他孩子，他也开始接受自己无法拯救所有人的事实：“如果他们想抢金戒指，你就得让他们抢，而不是说 任何事物。 如果它们掉下来，它们就会掉下来。”

Written By: Lesley Li

Edited and Translated By: William Chen
ImageImage

""",158,5,9,0,2024-03-01
8,"""Learning Through Imitation 在模仿中学习""","""Learning Through Imitation 在模仿中学习
Image

Have you ever felt jealous of the skills the people around you have? How every one of them always does something better than you do. They might talk in a certain way that makes them sound interesting. They might do gestures and show body language in a way that somehow commands more attention than you screaming at the top of your lungs. When faced with this, most of us sigh in disbelief, wondering what it is that they have that we don’t. We then conclude that we are just inferior to others and that there is nothing we can do about it. But what if there is? Since you want to be like them, why not imitate and learn from them?

你是否曾经嫉妒过周围的人所拥有的技能？为何他们总是比你做得更好？他们可能会用某种方式说话，让自己听起来很有趣。他们可能会用某种手势和肢体语言表达自己，比你大声尖叫更能吸引别人的注意。面对这些，我们中的大多数人都会不以为然地叹气，想知道他们有什么是我们没有的。然后我们得出结论，我们就是天生比别人差，而我们对此无能为力。但如果有呢？既然你想成为他们那样的人，何不先试着从模仿他们开始？

Imitation is one of the most basic and important forms of learning. A lot of people make the mistake of thinking that imitation is for toddlers who don’t know better. However, unlike toddlers, we have to ability to choose who to imitate, what about them to imitate, and to know why we are imitating them. Imitation, when used correctly, is a useful tool for learning behaviors, languages, and social skills. But how do we imitate? 

模仿是最基础、也是最重要的学习方式之一。很多人都认为模仿是不懂事的幼儿才会做的事。然而，与懵懂的儿童不同的是，我们有能力选择模仿谁，模仿他们的哪些方面，同时清楚地知道我们为什么要模仿他们。如果使用得当，模仿是学习行为、语言和社交技巧的有用工具。但问题来了，我们该如何模仿呢？

First, find someone around you who excels at something that you want to do better at. Observe them and note down all the small details that lead to their success. Maybe you have a sociable friend and you want to learn from him. Observe how he turns awkward situations into smooth conversations. How does he get other people’s attention? How does he start the conversation? How does he continue the conversation when the old topic gets stale?

首先，在你身边找到一个在你想做得更好的事情上表现出色的人。观察他们，记下他们如何“做得好”的所有细节。也许你有一个善于交际的朋友，而你想向他学习。这时你就该观察他如何将尴尬的局面转化为顺畅的对话。他如何吸引别人的注意力？他如何开始谈话？当对话变得无聊而生硬时，他又是如何继续谈话的？

After getting some details down, try them out! See how well it works when you are the one doing it. Then, reflect on the results. Maybe certain things felt weird when you did it, then adjust them to suit you. Maybe you find out that you wrongly attributed something to success, then Observe again. 

记下这些细节后，试一试！试试看这些小技巧由你来做效果如何。然后反思一下结果。也许某些事情在你做的时候感觉很奇怪，那么就根据自己的情况进行调整。也许你会发现自己错误地将成功归功给某些实际上没有用的细节，那么就再次进行观察。

For better results, observe a wider range of successful people. These people don’t have to be the best in the world; observing those nearer your age or skill level makes imitating them more practical.

为了取得更好的效果，可以观察更多的成功人士。这些人不需要是世界上最优秀的人，实际上，观察那些与你年龄或水平相近的人，会让你的模仿更有实际意义。

But note that there is a limit to what you can imitate. We can only imitate what other people do, not what they have. You can imitate how a person studies math, but you cannot imitate how good they are at math. Solving questions with the same posture and facial expressions as your genius friend sadly does not increase the accuracy of your answers.

需要注意的是，模仿是有限度的。我们只能模仿别人所做的，而不能模仿别人所拥有的。你可以模仿一个人如何学习数学，但你无法模仿他的数学直觉和计算能力。遗憾的是，用和你的天才朋友一样的姿势和表情来解题，并不能提高你答案的准确性。

One thing to be careful about when imitating is survivorship bias. You’ve likely heard about all the millionaires and billionaires that dropped out of college, yet were extremely successful in their life. Does this mean that if you drop out of college, you will also become a billionaire? Of course not. While there may have been a couple of college dropouts who became successful later on in their lives, there are way more college dropouts who went on to live less-than-ideal lives. Correlation does not mean causation. You want to imitate actions that lead to success, not those that are correlated with a few successful people.

为了尽量准确地进行模仿，我们需要注意幸存者偏差。你可能听说过那些从大学辍学的百万富翁和亿万富翁，但他们一生都非常成功。这是否意味着，如果你从大学辍学，你也会成为亿万富翁？当然不是。虽然可能有几个大学辍学者后来获得了成功，但有更多的大学辍学者却过着不如意的生活。一个成功人士身上的元素不等于导致成功的原因。你要模仿的是那些能导致成功的行为，而不是与这些成功人士相关的行为。

Lastly, although imitating successful people should, in theory, lead to your success, you should be aware of an important distinction: there are things people do to be successful and things that people can do because they are successful. Imitating the first is great, but imitating the latter can lead to disastrous results. For example, a person who studies until midnight might relax during the day. However, if you relax like them without studying until midnight, which is what you see, not only will it not help you to improve, but it will also make things worse.

最后，尽管从理论上讲，模仿成功人士会使你获得成功，但你应该注意一个重要的区别：有些事情是人们为了成功而做的，有些事情是因为人们成功了才可以做的。模仿前者很好，但模仿后者可能会导致灾难性的结果。例如，一个学习到午夜的人可能会在白天放松。但是，如果你如你观察到的他们一样在白天放松，而不学习到午夜，不仅无助于你的进步，而且会使事情变得更糟。

Written By: Henry Chen

Edited and Translated By: Grace Cai

ImageImage

""",169,5,7,0,2024-03-05
9,"""Interview: Advice on Career Picking and Preparation""","""Interview: Advice on Career Picking and Preparation
Image

/ Teachers' Share Insight on Career Choice /

Raul (Biology)
Sir Raul before becoming a teacher, worked as a Biologist in Europe after finishing his Biology degree. However, due to the difficult economic situation in Europe at the time, he decided to take a master's degree and become a teacher instead. He decided to become a teacher because the access to the job isn’t difficult and the holidays are good. Additionally, he liked talking to people and teaching even when he was still a student. When picking a career for the future, he says not to worry and be open to new opportunities as he didn’t think of becoming a teacher in the beginning.

Raul 老师在成为教师之前，曾在欧洲攻读生物学位并担任生物学家。然而，由于当时欧洲经济形势严峻，他决定停步于硕士学位并转而成为一名教师。他之所以决定当老师，是因为这份工作并不困难，而且有额外的假期。此外，作为一个学生时，他也喜欢与人交谈和教学。在谈到学生们未来选择职业时，他告诉我们不要担心，并要乐于接受新的挑战与变化，正如他一开始并没有想过要当老师。

Image

Carrie (Business and Economics)

Miss Carrie initially didn’t want to become a teacher, but she eventually pursued this career due to the appeal of longer holidays. She tells students to find their real interest and discover their strengths and capabilities then spend time finding a career that relates to their passion and skills. This is because doing a job would take less effort if it is something of your interest and skill range.

Carrie 老师起初并不想成为一名教师，但由于长假的吸引力，她最终选择了这一职业。关于如何找到适合自己的职业，她告诉学生们要找到自己真正的兴趣所在，发现自己的优势和能力，然后花时间寻找与自己的热情和所擅技能相关的职业。要知道，如果一份工作与你的兴趣和技能范围相关，那么做起来就会更加快乐，也能事半功倍。

Image

Lukasz (Physics)

Sir Lukasz thought of being a teacher since middle school because he was envious of his teachers’ passion for teaching. During his university days, he worked part-time as a tutor and started realizing his strong desire to become a teacher. He found enjoyment in teaching and was particularly satisfied when students had an “aha” moment, finally getting a concept he explained. Lastly, he advises students who struggle with career picking to begin with what they like to do even if they don’t consider it a viable career option at the moment because, in time, they will discover how these interests can turn into fulfilling careers.

Lukasz 老师从初中开始就想过当一名教师，因为他很羡慕老师们对教学的热情。大学期间，他有了一段兼职家教的经历，并意识到了自己成为一名教师的强烈愿望。他在教学中找到了乐趣，尤其是当学生们 ""灵光一现""，恍然大悟地理解了他所讲解的概念时，他感到特别满足。最后，他建议那些在职业选择上遇到困难的学生从自己喜欢做的事情开始，即使他们现在并不认为这是一个可行的职业选择，因为随着时间的推移，人们总会发现这些兴趣可以转化为充实的职业。

Image

Sam (First Language English)
Sir Sam’s family had a lineage of teachers, spanning from his grandparents to his parents and his sister. Initially, he didn’t want to follow the same path, however, after a training program for teaching English, he realized he enjoyed and loved teaching. He enjoys teaching because he finds that it is a way to help students solve problems. One problem he helps students solve in the interview is the challenge of picking a career. He says not to panic because many people decide their majors in the future and will even switch professions as their preferences change as well. Lastly, he advises students to try and find their passions and pursue them.

Sam 老师的家族是教师世家，从祖父母，到父母，再到姐姐都从事教学行业。起初，他并不想走教师这条路，但在参加了英语教学培训课程后，他意识到自己喜欢并热爱这份工作。他喜欢教学，因为他发现教学是帮助学生解决问题的一种。正巧，他十分乐于帮助学生解决的一个问题就是择业难题，而关于这个困扰，他告诉我们不要惊慌或恐慌，更不要急着下决定。很多人都会在未来选择自己的专业，往后甚至会随着喜好的改变而转换职业。最后，他建议学生抓住自己的热情所在并追随它们。

Image

/ Writing a Curriculum Vitae (CV) /

Roger (School Counselor)

CV stands for 'Curriculum Vitae', a formally written paper to introduce yourself. It is used to apply for a job or university so a CV plays an important role in career preparation. It is also a form of self-reflection as it tells you where you are in terms of skills and experiences. Sir Roger states it is “putting yourself on a piece of paper.”

简历是一份正式的自我介绍文件。它被用于申请工作或大学，因此简历在职业准备中起着重要作用。简历同时也是一种自我反省的形式，因为它能告诉你自己在技能和经验方面的现状。Roger 老师称它为 ""把自己写到一张纸上""。

Writing a CV requires many aspects. To start, you must gain skills and experience and formally think about how to improve those skills. Second, information written in the CV to present yourself must be direct, accurate, and specific. Sir Roger explains to improve a CV, you must practice and do lots of trial and error. You must also gather enough experience and things to put on the CV, this may take up to years to accomplish. Understanding what position you’re applying for or what course you’re taking up also plays a major role in improving a CV. Certain job positions and university majors require different ‘aspects’ of you (different skills and experience). This is because you don’t put all your experiences and skills on the CV, you must only put the things that are relevant to the position or course.

撰写简历需要长期多方面的努力。首先，你必须学习技能并获得经验，并认真思考过如何提高这些技能。其次，简历中用来展示自己的信息必须直接、准确、具体。Roger 老师解释说，要想改进简历，就必须多练习、多试错。你还必须收集足够能放进简历中的经验和成就，而这可能需要长达数年的时间才能完成。了解自己申请的职位或学习的课程也是完善简历的重要因素。不同工作职位需要你具备不同的技能和经验，正因如此，你不能把所有的经验和技能都写在简历上，你必须只写与职位或课程相关的东西，因此对岗位要求的详细了解就十分重要了。

Lastly, Sir Roger leaves us with a quote to think about, “We learn from experiences but more importantly, we learn from our reflections on those experiences.” He says through reflection, you would understand the point and lesson of the experience, as well as how the experience shapes you as a person and helps you develop yourself.

最后，Roger 老师给我们留下了一句值得思考的话：""我们从经验中学习，但更重要的是，我们从对这些经验的反思中学习。”他说，通过反思，你会明白这段经历的意义和教训，以及这段经历如何塑造你的人格，并帮助你成为更好的自己。

Written By: Sachiko Ting

Edited and Translated By: Grace Cai
ImageImage

""",204,12,10,1,2024-03-08
10,"""Falling in Love with...Yourself? 爱上...你自己?""","""Falling in Love with...Yourself? 爱上...你自己?
Image

(Note: This is written from a man’s point of view and a woman should read it with the genders swapped)

(注：本文是从男性角度写的，女性请互换性别阅读)
Most of us have, at some point in our lives, begun to hate that one annoying person who constantly follows us wherever we go. He never seems to be doing anything besides dragging us down. Whenever you fail at something, it’s always his fault. When you do something wrong, you direct your anger towards him. You are always overly demanding of him and disappointed when he fails to meet those expectations.

我们大多数人在生命中的某个时刻，都开始讨厌那个无论我们走到哪里总是跟着我们的烦人的人。 除了拖累我们之外，他似乎从来没有做过任何事情。 每当你在某件事上失败时，总是他的错。 当你做错事的时候，你会把愤怒发泄到他身上。 你总是对他要求过高，当他达不到你的期望时你会感到失望。

He’s just there. Smiling back at you whenever you stare into the mirror. Now and then you try to shake him off—to pursue someone better. We put up little masks, trying to hide him, pretending that he just isn’t there. But every single time, he comes back and shows himself, sometimes in the worst possible moments, to remind us that he’s still there. He refuses to accept that you don’t want him, no matter how hard you try.

他就在那里。 每当你凝视镜子时，它都会对你微笑。 有时你会试图摆脱他——去追求更好的人。 我们戴上小面具，试图把他藏起来，假装他不在那里。 但每次，他都会回来展现自己，有时是在最糟糕的时刻，提醒我们他还在那里。 无论你多么努力，他都拒绝接受你不想要他的事实。

You hate him. You want to replace him with someone else. Yet whenever you fall, he’s the one there to catch you. Whenever you cry, he’s there, crying with you. When you’re alone with no one to talk to, he’s there, quietly listening. When the world leaves you behind, he leaves the world behind for you. Even when everyone hates you, he still loves you. 

你恨他。 你想用别人代替他。 然而，每当你跌倒时，他都会在那里接住你。 当你哭泣的时候，他就在你身边，陪着你一起哭。 当你独自一人无人交谈时，他就在那里，静静地倾听。 当世界抛弃你时，他也会为你抛弃世界。 即使所有人都讨厌你，他仍然爱你。

So why don’t you love him back?

那你为什么不爱他呢？

It can be hard at first. He may appear to not have much to offer. He might not have all the fancy expensive things, the “perfect” face with a super athletic body, or a highly intelligent brain capable of rivaling the best geniuses. He might just seem like another regular, below-average person. His grades might be mediocre, or he could be socially awkward, maybe even both.

一开始可能会很难。 他可能看起来没什么可提供的。 他可能没有所有昂贵的东西，“完美”的脸庞和超级运动的身体，或者能够与最优秀的天才相媲美的高度聪明的大脑。 他可能看起来只是一个普通的、低于平均水平的人。 他的成绩可能很平庸，也可能在社交上很尴尬，甚至两者兼而有之。

However, once you take a deeper look, you will begin to find the truly marvelous things hidden deep inside him.

然而，一旦你深入观察，你就会开始发现他内心深处隐藏着真正奇妙的东西。

Maybe he’s caring. He remembers people’s birthdays, always bringing a little gift for them. Maybe he’s hardworking. While others are off having fun, he is studying, and working hard for something he’s passionate about. Maybe he’s great at an instrument, sport, or even some video game. Whatever it is, take time to acknowledge and appreciate it. It doesn’t have to be a big thing to count, the small things matter too.

也许他很关心。 他记得人们的生日，总是给他们带来小礼物。 也许他很努力。 当其他人都在玩乐时，他却在学习，并为自己热爱的事情而努力。 也许他擅长某种乐器、运动，甚至某些电子游戏。 不管是什么，花时间去承认和欣赏它。 不一定是大事才重要，小事也很重要。

Sometimes, these things may be difficult to find when you have been ignoring him for so long. Take the time to get to know him: What are his hobbies? What is he passionate about? Perhaps he has hidden talents that never got to develop due to all the neglect. Spend time with him, listen to him, and work together with him, creating a closer bond between the both of you. Be more understanding of his mistakes while still acknowledging the room for improvement. Be proud of his little achievements along the way. 

有时候，当你忽视他这么久之后，这些东西可能很难找到。 花时间去了解他：他的爱好是什么？ 他热衷于什么？ 也许他有隐藏的才能，由于所有的忽视而从未得到发展。 花时间和他在一起，听他说话，和他一起工作，在你们俩之间建立更紧密的联系。 更加理解他的错误，同时仍然承认改进的空间。 为自己一路走来的小小的成就感到自豪。

Be there for him. Celebrate his birthdays; every birthday is an anniversary with him.

陪在他身边。 庆祝他的生日； 每个生日都是他的纪念日。

Loving yourself is the first step to a lot of things. It’s the first step to loving others because, without love for him, your love for them means nothing. The time you spend on others and the sacrifices you make mean nothing if they were never even going to be spent properly on yourself anyway. Loving yourself is the first step to enjoying your life and finding happiness and stability in it because you know that at every step of the journey, he has your back, and you will never fall alone. 

爱自己是很多事情的第一步。 这是爱别人的第一步，因为如果不爱他，你对他们的爱就毫无意义。 如果你花在别人身上的时间和你做出的牺牲根本就没有任何意义，如果它们永远不会适当地花在自己身上的话。 爱自己是享受生活并在其中找到幸福和稳定的第一步，因为你知道在旅途的每一步，他都会在你的身后，你永远不会孤单。

Written By: William Chen

Edited and Translated By: Henry Chen

ImageImage

""",199,7,11,2,2024-03-12
11,"""Detachment 超脱""","""Detachment 超脱
Image

Detachment is a 2011 American drama film directed by Tony Kaye and written by Carl Lund. The story follows Henry Barthes, a high-school substitute teacher who teaches English classes at a high school with many students struggling and performing at a low grade level.

《超脱》是一部2011年的美国剧情片，由托尼·凯导演，卡尔·伦德编剧。故事讲述了亨利·巴斯（Henry Barthes）的故事，他是一名高中代课教师，在一所成绩低下的高中教授英语课程。

The film begins with Henry assessing his students' writing skills by assigning them an essay on how they believe they will be remembered after they die. During this class, he witnesses many acts of hostility, including a student yelling and threatening him physically, as well as two students verbally harassing another student named Meredith. Later that day, Henry witnesses more aggression, a confrontation between a mother and teacher Sarah Madison over the expulsion of the mother’s son for harassing Sarah.

电影以亨利评估学生写作能力开始，他要求他们写一篇关于他们认为自己死后将如何被人记住的文章。在这堂课上，他目睹了许多敌意行为，包括一名学生对他大喊大叫并威胁他的身体安全，还有两名学生对另一个名叫梅雷迪思的学生进行口头骚扰。当天晚些时候，亨利目睹了一场母亲和教师莎拉·麦迪逊之间的冲突，原因是这位母亲的儿子因骚扰莎拉而被开除。

After school, Henry visits his grandfather at an old people’s home who is suffering from dementia. On his way out, after his visit, Henry expresses his concerns to a staff member as he believes his grandfather isn't being taken care of properly. On the bus ride home, he encountered a young sex worker, Erica, getting hit by a man who refuses to pay her. Erica tries to convince Henry to have sex with her but he refuses.

放学后，亨利去老人院看望患有痴呆症的祖父。在离开时，他向一名工作人员表达了对祖父护理不当的担忧。在回家的公交车上，他遇到了一名年轻的性工作者埃里卡，她被一个拒绝支付报酬的男人打了。埃里卡试图说服亨利与她发生性关系，但被他拒绝了。

The next day, Henry reads aloud the essays from the previous day’s assignment. After reading an anonymous essay (which is assumed to be Meredith's), he becomes aware of her struggles with her parents. After visiting his grandfather again, Henry again runs into Erica and invites her up to his apartment. There, he feeds her, cleans the scrapes on her legs and allows her to stay for the night. Over the next few nights, she is allowed to stay, though he informs her that she won't be able to stay forever.

第二天，亨利朗读了前一天作业的文章。在阅读一篇匿名文章后（被认为是梅雷迪思的），他意识到她与父母的斗争。在再次探望祖父后，亨利再次遇到了埃里卡，并邀请她到他的公寓。在那里，他给她吃东西，清理她腿上的伤口，并允许她过夜。在接下来的几个晚上，她被允许留下来，尽管他告诉她这不是永久的安排。

At school, a speaker discusses how low test scores are bringing down real-estate prices, causing frustration among the teachers. The school counselor Dr. Parker, talks to a student named Missy about her low grades and lack of ambition, to which she seems to lack any care about. Dr. Parker tries to tell Missy about the importance of education later in life, but she loses her self-control as she expresses her frustrations over her own life.

在学校里，一位演讲者讨论了低考试成绩如何影响房地产价格，这引起了教师们的不满。学校辅导员帕克博士与一名名叫米西的学生谈论她的低分和缺乏雄心，但她似乎对此毫不在意。帕克博士试图告诉米西教育在日后的重要性，但她失去了自制力，表达了对自己生活的沮丧。

Henry is later called back into the old people’s home again where Erica has been waiting for him. His grandfather has become gravely ill and probably is going to die soon. Henry reassures his grandfather that he’s done nothing wrong and can let go if he wants to. After their visit, Henry and Erica go to the park, where Erica asks about Henry's mother, who died by suicide.

亨利后来再次被召回老人院，埃里卡一直在等他。他的祖父病情严重，可能很快就会去世。亨利安慰祖父说他没有做错任何事情，如果他愿意，可以放手。在他们的探望之后，亨利和埃里卡去了公园，在那里埃里卡询问亨利关于他母亲的情况，亨利告诉她他的母亲死于自杀。

The next day at school, Meredith shows Henry an artwork that she made for him. After she mentions that Henry seems like he needs someone to talk to, Henry believes that she is referring to herself. When Meredith opens up about her struggles and becomes visibly upset, Henry tries to comfort her. She hugs him, now very upset, asking Henry to console her. After sometime, another teacher walks in on them (causing Meredith to run away) and expresses the concern that Henry was acting inappropriately towards Meredith. Henry insists that he was just comforting her.

第二天在学校，梅雷迪思给亨利展示了一幅她为他制作的艺术作品。在她提到亨利似乎需要有人倾诉时，亨利误以为她指的是自己。当梅雷迪思敞开心扉谈论她的困境并变得明显不安时，亨利试图安慰她。她紧紧地拥抱着他，非常难过，并请求亨利安慰她。过了一段时间，另一位教师走进来（导致梅雷迪思逃走），并表达对亨利对梅雷迪思的行为感到不适的担忧。亨利坚称他只是在安慰她。

Later that day, Henry is informed that his grandfather has died. Feeling on-edge after all that's happened, Henry informs Erica he can no longer take care of her and had social services take her to a foster home. She becomes very distraught, begging him to let her stay. Although he too is reluctant to part with her, he’s done nothing but watching her being taken away from the people in social services. 

那天晚些时候，亨利得知他的祖父去世了。在经历了一切之后，他感到非常紧张，告诉艾瑞卡他不能再照顾她了，并让社会服务部门将她送到寄养家庭。她非常心痛，哀求他让她留下来。尽管他也不愿意与她分开，但他只能眼睁睁地看着她被社会服务部门的人带走。

The following day at school, Meredith sets up a cupcake stall. Henry tries to talk to her about the previous day but she seems reluctant to engage with him. She eats one of her cupcakes, which she has laced with poison and dies by suicide.

第二天在学校，梅雷迪思摆起了一个杯子蛋糕摊位。亨利试图与她谈论前一天发生的事情，但她似乎不愿与他交流。她吃了一个她用毒药混入的杯子蛋糕，最终自杀身亡。

In the end, Henry decides to visit Erica in the foster care facility and she embraces him euphorically.

最后，亨利决定去寄养设施探望埃里卡，她欣喜地拥抱了他。

Overall, Detachment is a movie that revels in misery with teachers who can’t even inspire themselves, students defined by self-destructive apathy, and a world outside the school comprised of death-dealing hospitals and underage prostitution. The film is filled exclusively with characters on the edge of a nervous breakdown. The protagonist is Henry Barthes, a substitute teacher with a tragic past who voluntarily dives in and out of failing schools with a carefully constructed wall of cynicism and emotional numbness that allows him to teach aggressively disinterested students without taking their insults or anger personally. He uses English lessons as a vehicle for rants about the crumbling current society that actually inspires his students to listen by venting their shared frustrations .He enters into a high school in particular crisis: the principal is about to be fired, the teaching staff is exhausted and disgusted, parents never enter unless to fight, and the student counselors are  in particularly seedy modes. The one student we get to know is a hopelessly dejected overweight artist on the verge of self-destruction later has committed suicide in the end of the movie . 

总的来说，《超脱》是一部沉浸在痛苦中的电影，描绘了教师们无法激励自己、学生们被自我毁灭的冷漠所定义的世界。电影中的角色都处于崩溃边缘。主人公亨利·巴斯是一位代课教师，有着悲惨的过去，他自愿进出失败的学校，用一道精心构建的愤世嫉俗和情感麻木的墙壁来教导对他漠不关心的学生，不会把他们的侮辱或愤怒当作个人攻击。他利用英语课程作为发泄对当前社会崩溃的怨言的工具，这实际上激发了学生们倾听并发泄他们共同的挫折感。他进入了一所特别危机的高中：校长即将被解雇，教职员工筋疲力尽且厌恶不堪，家长们只有在争吵时才会进来，而学生辅导员们则陷入了特别肮脏的状态。我们了解到的一个学生是一个无望沮丧、体重超重的艺术家，处于自我毁灭的边缘，在电影的结尾自杀了。

This movie is a deeply unsettling film that explores the harsh realities of life. There are a lot of people just like the characters in the film suffering every day with their lives and have no other solutions but endurance or suicide and people need to be aware that you are not always a hero who is strong enough to save others life. Sometimes you can help someone and sometimes you can not.

这部电影是一部深入探索生活残酷现实的电影。有很多人就像电影中的角色一样，每天都在忍受着他们的生活，除了忍耐或自杀之外别无他法，人们需要意识到并不总是有一个强大到足以拯救他人生命的英雄。有时你可以帮助某人，有时你却无能为力。

Written By: Lesley Li

Edited and Translated By: Angela Shi

ImageImage""",118,5,2,0,2024-03-19
12,"""Is MBTI Scientific? MBTI 科学吗？""","""Is MBTI Scientific? MBTI 科学吗？
Image

INTJ, ENFP, ISFJ — Do any of these combination of letters look familiar? They’re a small part of of Myers-Briggs Type Indicator, spread widely in the world, it is the most popular personality test in the world. Many companies, educational institutions and government agencies now consider it essential. Its prevalence has grown to the extent that MBTI results are now commonly featured on dating profiles, as reported by The Washington Post. But is it actually scientific and reliable?

INTJ、ENFP、ISFJ — 这些字母组合看起来很熟悉吗？ 它们是迈尔斯-布里格斯类型指标(MBTI)的一小部分，MBTI在世界范围内广泛传播，是世界上最流行的性格测试。 许多公司、教育机构和政府机构现在认为它至关重要。 据《华盛顿邮报》报道，MBTI 的流行程度现已普遍出现在约会资料中。 但它真的科学可靠吗？

Well, despite its widespread popularity, MBTI has been heavily criticized by the scientific community, according to Wikipedia, it is often labeled as pseudoscience. It’s validity as a psychometric instrument, both statistically and in terms of testing validity, has faced significant scrutiny. Media outlets have dismissed the test as ""pretty much meaningless"" and deemed it ""one of the worst personality tests in existence."" Psychologist Adam Grant has been particularly vocal in his criticism, referring to the MBTI as ""the fad that won't die"" in a Psychology Today article. Psychometric expert Robert Hogan has likened it to ""little more than an elaborate Chinese fortune cookie"" according to most personality psychologists. Nicholas Campion suggests that the MBTI serves as ""a fascinating example of 'disguised astrology',"" attempting to pass itself off as science to gain credibility.

嗯，尽管 MBTI 广受欢迎，但它仍受到科学界的严厉批评，根据维基百科，它经常被贴上伪科学的标签。 它作为心理测量工具的有效性，无论是在统计上还是在测试有效性方面，都面临着严格的审查。 媒体机构认为这项测试“几乎毫无意义”，并认为它是“现存最糟糕的性格测试之一”。 心理学家亚当·格兰特 (Adam Grant) 的批评尤其直言不讳，他在《今日心理学》的一篇文章中将 MBTI 称为“不会消亡的时尚”。 大多数人格心理学家认为，心理测量专家罗伯特·霍根将其比作“只不过是一块精心制作的中国幸运饼干”。 尼古拉斯·坎皮恩 (Nicholas Campion) 认为，MBTI 是“‘伪装占星学’的一个令人着迷的例子”，试图将自己伪装成科学以获得可信度。

MBTI sort test-takers into one of 16 personality types based on four sets of binary characteristics: extraversion vs. introversion, sensing vs. intuitive, feeling vs. thinking, and judging vs. perceiving. In 1940s, Katherine Cook Briggs and Isabel Briggs Myers developed MBTI, intending to help women find work after World War I. The two based the type indicator heavily on the unsupported theories of Carl Jung who made a hypothesis in his book Psychological Types in 1921 that humans mainly fit into two categories: perceivers and judgers. Perceivers could be further split into people who prefer sensing and those who prefer intuiting, while judgers could be split into thinkers and feelers, resulting in four different types of people, while they could also be sorted into introverts and extroverts.

MBTI 根据四组二元特征将考生分为 16 种性格类型之一：外向与内向、感知与直觉、感觉与思考、判断与感知。 20 世纪 40 年代，凯瑟琳·库克·布里格斯 (Katherine Cook Briggs) 和伊莎贝尔·布里格斯·迈尔斯 (Isabel Briggs Myers) 开发了 MBTI，旨在帮助女性在第一次世界大战后找到工作。两人的类型指标在很大程度上基于卡尔·荣格 (Carl Jung) 未经证实的理论，后者在 1921 年的《心理类型》一书中提出了一个假设： 人类主要分为两类：感知者和判断者。 感知者可以进一步分为喜欢感觉的人和喜欢直觉的人，而判断者可以分为思考者和感觉者，从而产生四种不同类型的人，同时他们也可以分为内向者和外向者。

However, Jung’s classifications were not based on empirical evidence; instead, they were influenced by observation and personal experience rather than experimental data. He acknowledged that these types were not universally applicable, stating that every individual is an exception to the rule. Isabel Myers emphasized the significance of preference direction (e.g. E vs. I) over preference intensity. This would theoretically result in scores on each MBTI scale displaying a bimodal distribution, with the majority of individuals scoring towards the extremes, effectively dividing them into either extroverted or introverted psychological types. This suggests that most individuals fall within the middle range of the scale and do not strongly align with either extreme of introversion or extraversion. While most personality traits typically exhibit a normal distribution of scores, with around 15% at both the low and high ends and the majority in the middle ranges, the MBTI utilizes a cutoff line at the midpoint of each scale. Individuals scoring below this line are classified as having a low type, while those scoring above are assigned the opposite type. Consequently, research in psychometric assessment does not provide strong support for the notion of discrete types, but rather indicates that most individuals cluster around the middle of a continuous spectrum.

然而，荣格的分类并不是基于经验证据；而是基于经验证据。 相反，他们受到观察和个人经验而不是实验数据的影响。 他承认这些类型并不普遍适用，并指出每个人都是该规则的例外。 伊莎贝尔·迈尔斯强调了偏好方向（例如 E 与 I）相对于偏好强度的重要性。 理论上，这会导致每个 MBTI 量表的分数呈现双峰分布，大多数人的得分都偏向极端，从而有效地将他们分为外向或内向的心理类型。 这表明大多数人都处于该量表的中间范围内，并且与极端内向或外向的倾向并不强烈。 虽然大多数人格特质通常表现出正态分布的分数，大约 15% 处于低端和高端，大多数处于中间范围，但 MBTI 在每个量表的中点使用一条截止线。 得分低于此线的个体被归类为低类型，而得分高于此线的个体被分配为相反类型。 因此，心理测量评估的研究并没有为离散类型的概念提供强有力的支持，而是表明大多数个体聚集在连续谱的中间。

Written By: Candace Chen

Edited and Translated By: Henry Chen
ImageImage

""",115,5,1,0,2024-06-13
13,"""I Could Define Myself Something About Character Creations""","""I Could Define Myself Something About Character Creations
Image

Has anyone ever imagined the possibilities of if you are not “you” but another character different from who you are now? Have you ever thought about another you in another timeline or dimension?

有没有人想象过，如果你不是 ""你""，而是与现在的你不同的另一个角色？你有没有想过另一个时间线或维度中的另一个你？

Why are they doing this?



In recent years, creating one’s character has become a fashion trend (such as meta-verse).

近年来，创造自己的角色已成为一种时尚潮流（如元宇宙）。

Youngsters build their utopias for original characters in their minds through words and even in comics drawn by themselves. 

年轻人通过文字，甚至在自己绘制的漫画中，在脑海中构建原创角色的乌托邦。

The reasons for doing this could be very simple. Maybe the creators just have a fondness of certain artworks, stories, or series. Also, they might be keen on some factors and elements that are heat points in an atmosphere, such as fantasies and cyberpunk. But what the deepest inside might be the expectations and wishes for their real lives. No matter what the main theme, the original characters are the progress of fabrications for the bright side of human society, which is an addictive factor for Gen-Z who is struggling in a depressed environment. It stands for their desire for these things in real life - a true friend, a pair of understanding parents, an adventure filled with love and excitement, a casual campus life... The internal need for being understood, respected, being loved is the foundation of a person’s mental world. Creators are building their perfect universe to feed their hearts. The popularity of these creations, in some cases, is trying to remind us what we want.

这样做的原因可能很简单。也许创作者只是热衷于某些作品、故事或系列，想将这个故事按自己的心意延续下去。此外，他们还可能热衷于某种氛围中的热门因素和元素，比如魔幻和赛博朋克。但论其内核，更是对现实生活的期待和向往。无论主旋律如何，作者笔下的人物都是对人类社会光明面的美好投射，这对于在压抑环境中挣扎的 ""Z世代 ""来说，是一个十分令人上瘾的因素。这代表了他们对现实生活中这些事物的渴望——一个真心的朋友、一对善解人意的父母、一次充满爱与刺激的冒险、一段休闲的校园生活...... 被理解、被尊重、被关爱的内在需求是一个人精神世界的基础。而创作者们正在构建他们的完美宇宙，以满足他们的内心需求。这些创作实际上正在更加清晰地告诉我们，提醒我们，自己到底想要什么。

Why should we do this?

Image

The main purpose is not to try to tell others to “run away from reality” in such ways. For teenagers, this might be the right chance to develop some necessary skills.

这样做的主要目的不是试图用这种方式告诉他人 ""逃避现实""。对于青少年来说，这反而是培养一些必要技能的好机会。

One of the most basic skills for a character’s creation is drawing, if the creators want to create a complicated world and characters, then writing skills too. An artist needs to combine various kinds of information in pictures and texts while showing the audience the character in their mind.

创作人物最基本的技能之一是绘画，如果创作者想创造一个复杂的世界和人物，那么写作技巧也是必不可少的。艺术家需要将图片和文字中的各种信息结合起来，同时向观众展示他们心目中的角色。

But, in general, creating characters could be a perfect way to practice writing. During the process of building a brand new world and characters, creators need different images to draw a full person - what does he/she look like, what kind of personalities they own, what are the relationships between them if there are more than one person in this community and so on.

但总的来说，创造角色更是练习写作的一种完美方式。在建立一个全新的世界和角色的过程中，创作者需要不同的形象来描绘一个完整的人——他/她长什么样子，有什么样的性格，如果创建的世界中中不止一个角色，他们之间有什么关系等等。

The improvement of writing skills leads to another result - youngsters can understand languages and cultural elements deeply and grow the necessary vocabulary. For example, while writing the martial arts series, Mr. Jin Yong gained knowledge about ancient China from different aspects. It’s clear that creating all these gangs and Kungfu must have time for research and reading. Understanding background information from different aspects helps creations more vivid, meanwhile, it’s a unique way of protecting culture’s legacies by spreading its sense of beauty.

写作能力的提高还会带来另一个结果——青少年可以深入理解语言和文化元素，增加必要的词汇量。例如，金庸先生在创作武侠系列的过程中，从不同方面了解了中国古代的知识。很显然，创作这些帮派和武功必须要有研究和阅读的时间。了解各方面的背景资料，有助于让创作更加生动，同时，这也是通过传播美学来保护文化遗产的一种独特方式。

What could we do?

Image

1. Feel free to try, it starts with a foggy picture in your brain, all you need to do is be focused on trying to make it clearer to see. There are no strict rules on building your own utopia. Find your own pace and improve your creations step by step.

大胆尝试，从你大脑中模糊的画面开始，接下来你需要做的就是集中精力，努力让它变得更加清晰可见。建设自己的乌托邦没有严格的规则。找到自己的节奏，一步步改进自己的创作即可。

2. Find a strong backbone of your story - What is the main purpose for these character’s actions? Does this detail mean anything to the rest of the story? If you want to write a story with strong logic keep adjusting the plot is a key concept. Lines and paragraphs should link with each other, otherwise, it won’t help a lot for developing useful skills with words.

找到故事的主干——这些人物行动的主要目的是什么？这个细节对故事的其他部分有什么意义吗？如果你想写一个逻辑性很强的故事，不断调整情节是一个关键步骤。行与行之间、段落与段落之间应该相互联系，否则，这对培养有用的文字技巧也没有多大帮助。

3. Collect specific information in fields related to the images you are creating. Imagine that you want to write about a talented jazz player, Wouldn’t it be weird that he/ she has no idea about Chet Baker and Charlie Parker?

收集与你创作的形象相关领域的具体信息。想象一下，你想写一位天才爵士乐手，如果他/她对Chet Baker和Charlie Parker一无所知，那不是很奇怪吗？

4. No matter how colorful your settings are as if it were raining flowers, you need to understand your “kids”- who are they? Just stick to the backbone and the most impressive features. But it’s also okay to create some conflict between their outside and the inside - a warrior could be skinny and sentimental, a nerd could be skilled in sports, and a superhero could feel scared of the unknown... As long as it’s for describing one’s main factors clearly, there’s no restriction.

无论你的场景多么奇幻绚烂，即使像下起了花雨般，你都需要成为最了解你的 ""孩子们""的那个人——他们是谁？在坚持人物核心和最令人印象深刻的特点的同时，也可以在他们的外表和内心之间制造一些冲突——战士可以瘦弱而多愁善感，书呆子可以精通体育，超级英雄可以对未知事物感到恐惧...... 只要能创造出一个有血有肉，活灵活现的角色，就没有任何限制。

Creating another you could be the path to becoming a better you inside. These characters could be “you” from the past, right now, or even the one you want to be someday. Recording these thoughts is like standing in front of mirrors to seek your changeable reflections. 

创造另一个 ""你 ""可能是成为心中更好的 ""你 ""的途径之一。这些人物可以基于过去的 ""你""，也可以是现在的 ""你""，甚至可以是你将来想成为的那个 ""你""。记录下这些想法，就像站在镜子前寻找自己的更多可能性。

Hope everyone can release the souls sleeping deep down in their hearts, and wake up those wild dreams using their own imagination!
希望每个人都能释放沉睡在内心深处的灵魂，用自己的想象唤醒那些天马行空的梦想！

Written By: Hestia Zheng

Edited and Translated By: Grace Cai
ImageImage""",49,4,1,0,2024-08-20
14,"""The Past, Our Bittersweet Reminder""","""The Past, Our Bittersweet Reminder
Image

The past is bittersweet.

过去是苦乐参半的。

There are memories in the past we want to forget. Times when we felt like we were at the lowest point of our lives. Like when we suddenly bawled from the overwhelming present or the time when we fought with our loved ones. During those moments, we felt terrible—our actions were uncontrollable, our emotions were consuming, and our thoughts were stirred with questions without answers. Before we know it, tears begin to stream down our cheeks, our eyes squint out of sorrow, and our chest tighten as if there’s no air left to breathe. At those moments, we feel like we’re drowning, struggling to keep our heads above water.

在过去的记忆中，有一些是我们想要忘记的。我们觉得自己处于人生最低谷的时候。比如我们突然因为不堪重负的现在而嚎啕大哭，又比如我们和心爱的人吵架。在那些时刻，我们感觉糟透了--我们的行为无法控制，我们的情绪消耗殆尽，我们的思绪被没有答案的问题搅动。不知不觉中，眼泪开始顺着脸颊流下，眼睛因为悲伤而眯起来，胸口闷得好像没有空气可以呼吸。在那些时刻，我们感觉自己像溺水了一样，挣扎着让自己的头露出水面。

We want to forget those memories.

我们想忘记那些记忆。

What about our joyful and memorable past? Times when we forgot about everything and enjoyed the present moment. Like when we played video games with our best friends or when we laughed too much while playing jokes with our families. During those moments, we felt enlightened, warm, and hearty. Maybe we were running around like little children, tripping down and giggling about it, singing and dancing to our favorite music, or even screaming from watching thriller movies. At those moments, we feel like playful kids splashing around in the water.

那我们满是欢愉的过去呢？我们忘记一切，享受当下的时光。比如我们和最好的朋友一起玩电子游戏，或者和家人一起开玩笑时笑得很开心。在那些时刻，我们感到豁然开朗、温馨暖暖和酣畅淋漓。也许我们像小孩子一样跑来跑去，被绊倒了还咯咯地笑，或是随着喜欢的音乐载歌载舞，甚至因为看了惊悚片而尖叫。在那些时刻，我们感觉自己就像在水中嬉戏的孩子。

We want those memories to last forever.

我们希望这些记忆能够永存。

Why do we have both bitter and sweet memories? Why can’t we just live happily with only good memories to remember? In fact, as much as I know, bad memories even last longer in the heart. That’s because bad things happen for a reason. It is for us to learn from them. Time goes fast, and everything ends up in the past; we shouldn’t just live for the future but rather enjoy and appreciate the present moment. The past serves as a reminder of our experiences, challenges, achievements, lessons, and journeys that shape our present. We are given the opportunity to learn from our past, not only from our mistakes but also from the good things we’ve done. It is for us to omit our foolish mistakes, to understand situations better, to teach others and learn from them, and especially to cherish the present.

为什么我们的回忆有苦有甜？为什么我们不能只记住美好的回忆，快乐地生活呢？事实上，据我所知，不好的记忆甚至会在心里持续更长时间。这是因为坏事的发生是有原因的。我们要从中吸取教训。时间过得很快，一切都会成为过去；我们不应该只为未来而活，而应该享受和珍惜当下。过去是我们的经历、挑战、成就、教训和历程的提醒，它们塑造了我们的现在。我们有机会从过去学习，不仅从错误中学习，也从我们做过的好事中学习。我们要避免犯下愚蠢的错误，更好地了解情况，教导他人并从中吸取教训，尤其要珍惜现在。

The past will never be changed. From our overwhelming present to the unknown future, the past is there to guide us. We have experienced different types of situations, gone through endless obstacles, and felt intense feelings and confused thoughts, yet despite all that, we were still able to make it this far. We are thriving in the present because of our past.

过去永远不会改变。从我们不堪重负的现在到未知的未来，过去都会为我们指引方向。我们经历过不同的困境，经历过无尽的阻碍，感受过强烈的情感和迷茫的思绪，尽管如此，我们依然能够走到今天。因为有了过去，我们才有了现在的茁壮成长。

And maybe some of us might sense we’re too young to be thinking of the past. I’m not certain if it’s just me, but each time I look back, I always feel like I don’t want to grow up anymore. Perhaps, at some point in the future, we will grasp the reality that growing older is painful. However, this realization serves to enhance our gratitude for the present moment. I assure you, the future holds the promise of a better past.

也许有些人会觉得我们还太年轻，不应该去想过去。不知道是不是我的错觉，每次回首往事，总觉得自己不想再长大了。也许，在未来的某一天，我们会明白，长大是一件痛苦的事情。然而，这种认识有助于增强我们对当下的感激之情。我向你们保证，未来蕴含着对美好过去的承诺。

Our past carries both bitter and sweet, with memories that may fade with time and experiences unlikely to be relived, yet the feelings will forever linger in our hearts, serving as a reminder of our past.

我们的过去有苦也有甜，记忆可能会随着时间的流逝而褪色，经历也不可能再重温，但这些感受将永远萦绕在我们的心中，成为我们对过去的回忆。

Our beloved cute baby writer princess staying brave even in the face of the reality of growing up.

我们心爱的可爱小作家公主在成长的现实面前依然勇敢。

ImageImageImage""",117,12,5,1,2024-08-03
15,"""How Teenagers Use the Internet Today""","""How Teenagers Use the Internet Today
Image

Why teens are attracted by social media?

青少年为何受到社交媒体的吸引？

First of all, teens’ developmental needs match well with what social media has to offer: developing friendships, figuring out their identities, and establishing social status by being “in the know.” For example, it is typical for teens to try on different identities based on pop culture.

在青少年时期，人们的社会性需求与社交网络所能提供的内容恰好十分吻合：发展友谊，探索自己的身份，以及保持“知情者”的社会地位。例如，青少年们往往会根据当下流行的文化来选择尝试不同的身份。

Secondly, maintaining existing friendships is considered one of the most common reasons for using social media. As today’s teens grow up, they view social media as an online place to “hang out” and connect with friends around mutual interests.

不仅如此，维护现有的友谊也被认为是人们使用社交媒体最常见的原因之一。在当今青少年的成长过程中，社交媒体已然被视作与朋友们一起放松，一起围绕共同兴趣建立联系的最佳场合。

What’s more, teens are not using social media in isolation. Consider the world in which today’s teens are growing up: entertainment, sports, and political celebrities live out their lives in the focus of public attention; ordinary people become celebrities through reality shows on television or a viral social media post; schools, news outlets, and companies all have a social media presence. With so many people and organizations using social media, teens naturally feel that accessing social media to stay informed is a necessity.

更重要的是，并不只有青少年们在使用社交网络。想想当今青少年成长的世界吧。娱乐、体育和政治界名人在生活在公众关注的焦点下；而普通人则能通过参加网络真人秀或社交媒体上某一则“爆红”的帖子一举成为名人；更不用说几乎没一所学校、新闻机构和公司都有社交媒体。社会中有如此多的人和组织都在活跃地使用社交媒体，青少年们自然会觉得通过社交媒体以了解信息是一种必要的手段。

What most teens do on the Internet:

青少年上网的目的：

 • Going to websites about movies, TV shows, music groups or sports stars (81%).

浏览有关电影、电视节目、音乐团体或体育明星的网站（81%）

• Getting information about news and current events (77%).

获取新闻和时事信息（77%）

• Sending or receiving instant messages (68%).

发送或接收即时信息（68%）

• Watching videos on video-sharing sites (57%).

在短视频平台上观看视频（57%）

• Using an online social networking site, and getting information about a college or university they are thinking of attending (both 55%).

使用实时的在线社交网站，以及在社交网站上获取有关他们考虑就读的学院或大学的信息（均为 55%）

Dangers for teens on social media:

社交媒体为青少年带来的危险：

 • Information teens think would only be of interest to their friends can get into the hands of others and produce unintended negative results. For example, a joke about a friend could spread around school, hurt the friend, and ruin the friendship. 

青少年们认知中只有亲密的朋友才会感兴趣的信息可能会落入他人之手，产生意想不到的负面结果。例如，一个关于朋友的笑话可能会在学校里传播开来，并由此伤害到朋友，甚至毁掉这段友谊。

• Financial risk. Giving out personal information, parents’ credit cards, banking, or other financial information could lead to trouble.

泄露个人信息、父母的信用卡、银行或其他财务信息可能会带来财务上的麻烦。

• Heavy users are at risk for problematic internet use and internet addiction.

大量使用网络的人有可能出现不健康的网络使用和网络成瘾症状。

• Inappropriate relationships. A teen may not realize that the 15-year-old boy asking to be an online “friend” is really a 45-year-old man. Teens may find themselves in online relationships for which they are unprepared.

人们无从意识到，一个申请与你交友的 15 岁男孩其实是一名 45 岁的中年男子。青少年可能会在毫无准备的情况下陷入一段不正常的网络关系中。

• Frequent social media users report higher rates of depression, low self-esteem, and eating disorders.

经常使用社交媒体的青少年抑郁、自卑和饮食失调的比例较高。

• Social media exposes adolescents to alcohol and vaping marketing and information about the experiences of alcohol and peer smokers. This may normalize the behaviors and convince teens it’s okay to try alcohol or smoking. This may apply to other risk-taking behaviors such as marijuana.

社交平台会让青少年接触到酒精和烟草营销，以及同龄人中有关酒精和吸烟经历的信息。因此这些行为可能会被正常化，让青少年相信尝试喝酒或吸烟是没有问题的。这也有可能发生于其他冒险行为上，如吸食大麻。

• Teens can experience cyberbullying on social media, either as a victim or bystander. Unmonitored social networking could provide a forum for messages that are indecent, demeaning, violent, or racist. Sometimes comments are misinterpreted or intentionally hurtful and the conversation can quickly turn into bullying or harassment.

青少年可能会以受害者或旁观者的身份亲临网络欺凌。不受监控的社交网络为猥亵、羞辱、暴力或种族主义的信息提供了一个论坛。有时，评论会被曲解或本身就带有恶意，而随着越来越多人的回复，这场对话很快就会演变成欺凌或骚扰。

Ways for parents to protect children from the dangers:

远离伤害的办法：

Parents and caregivers need to know more about how social media works and how their teens are using these sites and apps. The best way to learn is to set up your own profile. Most social media platforms have an age requirement of 13 before teens are allowed to create their profiles. When your teen creates a personal profile, make sure you are on the same platform so you can monitor his or her activities.

家长和看护人需要更多地了解社交媒体是如何运作的，以及青少年是如何使用这些网站和应用程序的。最好的学习方法就是建立属于自己的个人档案。大多数社交媒体平台对青少年创建个人档案的年龄要求为 13 岁。当你的孩子创建个人档案时，确保你也在同一个平台上，这样就能监控他或她的活动。

If parents discover their teen has visited an unacceptable website, it is important not to overreact. A conversation about how the website was found and what kind of information was being sought will help sort out the situation. For example, a teen may have accidentally discovered a porn site when seeking other information. Parents can help teens find credible, helpful websites and teach them to be critical consumers of information.

如果家长发现自己的孩子访问了不可接受的网站，切勿反应过度。通过交谈了解网站是如何被访问的，以及本意所寻求的是何种信息，这将有助于理清情况。例如，青少年可能在寻找其他信息时无意中发现了一个色情网站。这时，家长们可以帮助青少年找到可信的、有用的网站，并引导他们批判性的接受信息。

Safety tips for teens on social media:

青少年使用社交媒体的安全提示：

 • Don't share personal information like addresses, phone numbers, or credit card information online.

不要在网上分享地址、电话号码或信用卡信息等个人信息。

• Ask an adult before sending or accepting friend requests and messages from strangers.

在发送或接受陌生人的好友请求和信息之前，先询问一位成年人的意见。

• Be picky about the photos you share online. You can't control what other people do with them or who they may share them with.

小心挑选自己在网上分享的照片。你无法控制其他人如何处理这些照片，更无法控制他们会与谁分享这些照片。

• Be suspicious of links, attachments, and gifts strangers send online. If they sound too good to be true, they probably are fake. 

对网友发送的链接、附件和礼物都保持怀疑。如果它们听起来好得不像是真的，那就很可能是别有用心的虚假信息。

• Never agree to meet strangers alone in real life, even if they claim to be a kid too.

切勿同意在现实生活中单独与陌生人见面，即使他们自称也是同龄人。

• Don't hesitate to ask your parents or another trusted adult for help. You may feel embarrassed at first, but they can help you more than anyone.

随时向父母或其他值得信赖的成年人寻求帮助。这或许会让你觉得尴尬，但他们比任何人都更能帮助你。

Conclusion:

总结：

It is inevitable for teens to use social media today due to it has become a very important part of our daily lives. However, there are still a lot of risks on the internet like leaking personal information, being cyberbullied and getting unhealthy knowledge, etc. Therefore, while enjoying social media it is necessary for teens to be aware of the potential dangers, and traps on the internet. And never be afraid of asking help to your parents and other adults you trust when you are in trouble on social media.

如今，青少年使用社交媒体已成为不可避免的事情，因为它已成为我们日常生活中非常重要的一部分。然而，网络上仍然存在很多风险，比如泄露个人信息、被网络欺凌、获取不健康的知识等。因此，青少年在享受社交媒体带来的益处的同时，一定要意识到网络上潜在的危险和陷阱。当你在社交媒体上遇到困难时，千万不要犹豫，立刻向父母和其他你信任的成年人寻求帮助。

Written By: Lesley Li

Edited and Translated By: Grace Cai
ImageImage""",55,4,2,0,2024-08-27
16,"""Interview: Living Abroad""","""Interview: Living Abroad
Image

Are you hesitant about studying college abroad? Curious about life overseas? Individuals from China, England, Pakistan, the Philippines, Russia, Scotland, Serbia, Slovakia, South Africa, the United Kingdom, and the United States who have lived abroad share their insights and experiences to broaden your perspective on living away from your native country.

你还在犹豫是否要出国上大学吗？你想知道在国外生活是什么样的吗？曾经在中国、英国、巴基斯坦、菲律宾、俄罗斯、苏格兰、塞尔维亚、斯洛伐克、南非、英国和美国生活过的人提供了他们的见解和经验，以拓宽你对远离自己国家生活的看法。 

These participants have lived in countries such as Canada, China, France, Germany, Montenegro, South America, the United Arab Emirates, and the USA, many for over five years. They describe living abroad as a transformative experience that enriches your life. You'll learn about different people, cultures, and life perspectives, fostering personal growth, confidence, and independence.

他们曾居住在加拿大、中国、法国、德国、黑山、南美洲、阿拉伯联合酋长国和美国等国家，大多超过五年。他们说，在国外生活是一次奇妙的经历，它会改变你的生活。你可以学到很多关于不同的人、文化和生活观点的知识，还可以进一步发展自己，获得自信或独立。

ImageImage

However, living abroad comes with challenges. These include language barriers, culture shock, interactions with locals, discrimination, and adjusting to different lifestyles. Initially, language barriers can be daunting, but with time, you'll start picking up the language, immersing yourself in the culture and studying the language to help connect with locals and peers. Culture shock may lead to misunderstandings due to unfamiliar customs and beliefs; patience and adaptability are keys to overcoming these differences. Bad situations with locals may also arise, one interviewee experienced being “treated as a dollar bill,” locals would try to make money off of him with scams. Discrimination was mainly an issue faced by students. The best thing to do is to ignore the marks made against you. 

然而，在国外生活也面临着挑战。其中包括语言障碍、文化冲击、与当地人的互动、歧视以及适应不同的生活方式。最初，语言障碍可能令人望而生畏，但随着时间你会慢慢适应新的语言，让自己沉浸在文化中并学习语言，以帮助与当地人和同龄人建立联系。文化冲击可能会因不熟悉的习俗和信仰而导致误解；耐心和适应是克服这些差异的关键。与当地人的关系也可能会出现不好的情况，一位受访者经历了“被当作美元钞票”，当地人会试图通过诈骗从他身上赚钱。歧视是学生经常会面临的问题。最好的办法就是忽略那些针对你的歧视。

ImageImage

Ways of living like work hours, essentials and social interactions will also be very different and can be hard to get used to at first. A student highlighted that the schedule was more packed abroad compared to his native country so he struggles with keeping up with the schedule. A way he has been dealing with this is by improving his sleep schedule. Acquiring familiar daily products and foods can be challenging initially, but integrating into the local community and trying popular local items can ease this transition. Socially, integrating into friend groups and building relationships may require stepping out of your comfort zone, initiating small talk, and gradually establishing connections.

工作时间、生活必需品和社交互动等生活方式也将大不相同，一开始可能很难适应。一名学生强调，与他的国家相比，国外的日程安排更加紧凑，因此他很难跟上日程安排。他处理这个问题的一种方法是改善他的睡眠时间表。获得熟悉的日常产品和食物最初可能会很困难，但融入当地社区并尝试流行的当地物品可以缓解这种转变。在社交方面，融入朋友群体并建立关系可能需要走出你的舒适区，一开始从闲聊，并逐渐建立联系。

ImageImage

In conclusion, to prepare for living abroad, interviewees recommend several steps. First, learning the language enhances your ability to interact with locals. Second, thorough research on practical matters like housing and budgeting, as well as understanding local laws and customs, is crucial. Different countries have varying social norms and taboos, so familiarizing yourself beforehand can prevent misunderstandings. Lastly, mentally preparing yourself for unexpected challenges and reinforcing your reasons for choosing a particular country are essential for a successful experience abroad.

总之，为了准备出国生活，受访者建议采取以下几个步骤。首先，学习语言可以增强与当地人互动的能力。其次，对房租和预算等实际问题进行深入研究以及了解当地法律和习俗至关重要。不同国家有不同的社会规范和禁忌，因此事先熟悉可以防止遇到误解。最后，为意想不到的挑战做好心理准备，并强化选择特定国家的理由，对于在国外获得成功的经历至关重要。

ImageImage

Written By: Sachiko Ting

Edited and Translated By: Angela Shi

ImageImage""",74,12,1,0,2024-09-03
17,"""Polarity: RECRUITING NEW MEMBERS!!!""","""Polarity: RECRUITING NEW MEMBERS!!!
Image

With the start of the school year and the continuous expansion of our newsletter organization, we are looking to recruit more members who are interested in joining Polarity, the student paper. If you are interesed in joining Polarity as a writer, editor, translator, artist or photographer, please scan the QR code on the poster and contact our editors-in-chief. 

随着新学年的开始和我们的学生新闻社的持续扩展，我们正在寻找更多有兴趣加入报社Polarity。如果你想以编辑、特约撰稿人、设计师、平台运营者或摄影师的身份加入Polarity，请扫描海报里的二维码并联系主编。

Polarity, founded on July 17, 2022, is a student-runned paper that aims to give students a platform to write about their interests and “make their voices heard.” Over 60 articles about various topics such as news, editorials, popular science articles, book/movie reviews, trend stories, interviews, and more have been published. This was made possible by our team of faculty advisors, editors-in-chief, writers, editors, translators, artists, photographers and platform operators. Throughout the years, we have recruited around 30 students who share an interest in writing and publishing articles to express their personal opinions and hobbies.

Polarity成立于2022年7月17日，是一份由学生主办的报纸，旨在为学生们提供一个平台，让他们能够写下自己的兴趣并“发出自己的声音”。截至目前，我们已发布了60多篇关于新闻、社论、科普文章、书籍/电影评论、趋势故事、访谈等各种主题的文章。这一切都得益于我们的教职员工顾问、编辑主任、作家、编辑、翻译、艺术家、摄影师以及平台运营者。多年来，我们已招募了约30名对写作和发表文章感兴趣的学生，他们通过这些文章表达个人观点和爱好。

ImageImage

Written By: Sachiko Ting

Edited By: Angela Shi

Translated By: Grace Cai

Designed By: Candace Chen
ImageImage""",104,5,2,1,2024-09-10
18,"""Future is Never Decided by One Moment 未来从不由一刻决定""","""Future is Never Decided by One Moment 未来从不由一刻决定
Image

As exam scores approach—or perhaps they've already been released by the time you read this—many people are likely to feel frustrated with themselves, regardless of their results. You might be upset about misreading a question or failing to study a minor topic that appeared on the test. These issues may seem like the sole reasons for a disappointing grade. Had we been more attentive during the test, we might have achieved our ideal score and enjoyed a brief period of happiness.

当考试成绩临近，或者当你阅读这段话时成绩已经公布时，许多人可能会对自己感到沮丧，不论结果如何。你可能会因为误解了一个问题或没能复习到一个在考试中出现的小话题而感到不满。这些问题可能看起来是令人失望的成绩的唯一原因。如果我们在考试中更专注一些，也许我们能取得理想的分数，并短暂地感到快乐。

But is that true? To blame a single moment for our current distress? If we could go back in time, would correcting that one error be the only change needed?

但这真的是真的吗？把我们当前的困扰归咎于某一瞬间？如果我们能回到过去，纠正那个错误是否就是唯一需要的改变？

Think about it. Would you have made the careless mistake if you didn’t have to spend all your brainpower on figuring out the question? If you had practiced more and been more familiar with those types of questions, you could have directed your focus to making fewer of these simple mistakes.

想一想。如果你没把所有的脑力都花在弄清楚问题上，你会犯那个粗心的错误吗？如果你多加练习，对这些问题类型更加熟悉，你可能能将注意力集中在减少这些简单错误上。

If you had been genuinely interested in and curious about the subject, you might have explored it more thoroughly on your own. Compare this approach with attempting to achieve high scores with the least effort possible, generally, which one leads to better outcomes?

如果你对这个科目真的感兴趣并充满好奇，你可能会自己更深入地探索它。把这种方法与尽量少花力气去获得高分的方式相比，通常哪种方式会带来更好的结果？

We tend to overestimate and overemphasize how pivotal one point in our lives is. We put all the blame or credit on the decisions and actions made in that one moment. The reality is that anything that happened to us is just as pivotal as the series of events that led to it and the series of events that followed it. An exam wouldn’t have caught you off guard if you were well-prepared. You could have been prepared if you hadn't crammed at the last minute. Last-minute cramming happens if you procrastinate, which occurs if you lack interest or understanding of the subject. Understanding the subject requires paying attention in class, which is difficult if you’re exhausted from staying up late.

我们往往高估了生活中的一个瞬间有多么关键。我们将所有的责任或功劳都归结于那一刻的决定和行动。现实是，发生在我们身上的任何事情都与导致它的事件系列和随后的事件系列同样重要。如果你准备的很充分，考试不会让你措手不及。如果你没有临时抱佛脚，你可能已经做好了准备。临时抱佛脚的情况发生在你拖延时，而拖延发生在你对科目缺乏兴趣或理解。理解这个科目需要在课堂上认真听讲，如果你因为熬夜而疲惫不堪，这就很难做到了。

The main point of all of this is that we shouldn’t be down on ourselves because of that one mistake we made. Instead, we should reflect on all the actions and inactions that led to it. What values, beliefs, and attitudes led us to make those decisions, and can we still keep them going forward if they continue to interfere with our goals? Is there anything that we can do to minimize the effects of the mistakes we already made? Focus on what can be changed rather than what cannot.

所有这些的主要观点是，我们不应该因为一个错误而对自己感到沮丧。相反，我们应该反思导致这个错误的所有行动和不作为。是什么样的价值观、信念和态度促使我们做出了那些决定？如果这些继续干扰我们的目标，我们还能继续坚持这些价值观吗？我们能做些什么来最小化已经犯下的错误的影响？专注于可以改变的事情，而不是不能改变的事情。

If, after reflection, you still don’t enjoy the subject and prefer minimal effort, that’s fine. Just be realistic about what you can achieve with that mindset. However, don’t be afraid to dream big and work hard.

如果在反思之后，你仍然不喜欢这个科目，且更倾向于最小化努力，那也没关系。只是要现实地看待在这种心态下你能实现什么。然而，不要害怕梦想大，并努力去实现。

Regardless of your decision, be kind to your past self. You did your best at that moment and that’s something to be proud of.

无论你做出什么决定，都要对过去的自己保持善意。那时候你已经尽力了，这是值得自豪的。

Written By: Henry Chen

Edited and Translated By: Angela Shi

ImageImage""",128,9,6,1,2024-09-17
19,"""Feminism in the 2024 Olympics: A Milestone for Gender Equality""","""Feminism in the 2024 Olympics: A Milestone for Gender Equality
Image

The 2024 Paris Summer Olympics represent a historic milestone in the pursuit of gender equality in sports. For the first time in Olympic history, the games will achieve full gender parity, with an equal number of female and male athletes. Out of 10,500 athletes, 5,250 are expected to be women. This achievement results from years of sustained efforts by the International Olympic Committee and various stakeholders promoting gender equality in sports.

2024年巴黎夏季奥运会标志着体育领域性别平等追求的历史性里程碑。这是奥运历史上首次实现性别完全平衡，女性和男性运动员的数量相等。预计在10500名运动员中，有5250名将是女性。这一成就得益于国际奥委会和各方利益相关者多年持续推动体育领域性别平等的努力。

The journey toward gender parity at the Olympics has been long and challenging. Women first participated in the Olympics in 1900, representing just 2.2% of all athletes and competing in only a few events such as golf and tennis. Over the years, women’s representation has steadily increased. Notably, the London 2012 Olympics marked a significant step forward as the first games where every participating nation included female athletes in their delegations. By the Tokyo 2020 Olympics, women’s participation reached approximately 48%, paving the way for full parity achieved in Paris.

实现奥运会性别平衡的旅程漫长而艰辛。女性于1900年首次参加奥运会，当时仅占所有运动员的2.2%，并仅在高尔夫和网球等少数项目中比赛。多年来，女性的代表性稳步增加。值得注意的是，2012年伦敦奥运会是第一个每个参赛国家都包括女性运动员的比赛。到2020年东京奥运会时，女性的参与率达到了大约48%，为巴黎的全面平衡铺平了道路。

At the opening ceremony of the Paris Olympic Games, a symbolic moment unfolded on the banks of the Seine River. Ten golden female statues began to rise sequentially from the water, accompanied by a stirring rendition of “La Marseillaise” sung by a female vocalist from a rooftop. This segment, named “SORORITÉ” (Female Friendship), honored ten eminent French women: Olympe de Gouges, Alice Milliat, Gisèle Halimi, Simone de Beauvoir, Paulette Nardal, Jeanne Barret, Louise Michel, Christine de Pizan, Alice Guy, and Simone Veil.

在巴黎奥运会的开幕式上，塞纳河畔上演了一个象征性的时刻。十座金色女性雕像依次从水中升起，同时伴随着女歌手在屋顶上演唱的《马赛曲》。这个环节名为“姐妹情”（SORORITÉ），旨在致敬十位杰出的法国女性：奥林匹亚·德·古热、爱丽丝·米利亚、吉赛尔·哈利米、西蒙娜·德·波伏娃、波莱特·纳达尔、让娜·巴雷、路易丝·米歇尔、克里斯蒂娜·德·皮赞、爱丽丝·盖和西蒙娜·韦伊。

However, due to a mechanical issue, only nine of the statues emerged, with Simone de Beauvoir’s statue remaining submerged. This absence served as a poignant reminder of her significant impact and enduring legacy, underscoring that while progress has been made, much work remains in the pursuit of gender equality and recognition.

然而，由于机械故障，只有九座雕像升起，西蒙娜·德·波伏娃的雕像仍然沉没。这一缺失成为她重大影响力和持久遗产的深刻提醒，强调了尽管取得了进展，但在性别平等和认可的追求中仍有许多工作要做。

Achieving gender parity at the Olympics is seen as a crucial step toward broader societal changes. According to the World Economic Forum’s Global Gender Gap Report 2023, the global gender gap is only 68.4% closed, and at the current rate, complete gender equality might not be achieved for another 131 years. The visibility and success of female athletes at such a prestigious global event can inspire further progress in leadership, education, and economic participation.

实现奥运会的性别平衡被视为更广泛社会变革的重要一步。根据世界经济论坛2023年全球性别差距报告，全球性别差距仅关闭68.4%，以当前的速度，完全性别平等可能还需要131年才能实现。女性运动员在这一享有盛誉的全球盛会上的可见性和成功，可以激励其他领域的进一步进展，包括领导力、教育和经济参与。

In conclusion, the 2024 Paris Olympics mark a historic achievement for gender equality in sports. As the world watches, these games will celebrate athletic prowess and symbolize the ongoing struggle and progress toward equal representation and opportunity for all genders in every sphere of life.

总之，2024年巴黎奥运会是体育领域性别平等的历史性成就。当全世界注视时，这场比赛不仅将庆祝运动能力，还将象征着在各个生活领域中为所有性别争取平等代表和机会的持续斗争和进展。

Written By: Candace Chen

Edited and Translated By: Henry Chen
ImageImage""",62,8,1,0,2024-09-24
20,"""Living a Thousand Days vs Living One Day a Thousand Times""","""Living a Thousand Days vs Living One Day a Thousand Times
Image

There is a difference between living a thousand days and living one day a thousand times. I’m sure we all get bored of meaningless repetition and would rather do the former than the latter. However, the reality is that most of us are stuck spending weeks and months on end following the same daily routine, doing the same activities, and going to bed worrying about the same thing. Most of this is because of all the seemingly endless responsibilities put onto us for us to fulfill. So how do we live each day differently? How do we do this and not get overwhelmed by our responsibilities?

生活一千天和活一天一千次是有区别的。我相信我们都会对无意义的重复感到厌烦，更愿意选择前者而不是后者。然而，现实是大多数人都困在相同的日常生活中，周而复始地过着相同的日子，做着相同的事情，晚上担心着相同的问题。这大多是因为我们肩负着无穷无尽的责任，而这些责任看似永无止境。那么，如何让我们每天都过得不同？如何做到这一点，同时又不被责任压得喘不过气？

The key to “living a thousand days” is to do things that are meaningful and enjoyable to you every day. They don’t have to be big things. It could be working for something that you are passionate about. It could be playing this random game you found that you find fun. It could be spending time with someone you like. Whatever it is, find at least a few minutes a day to do it. As long as it gives you a sense of fulfillment and happiness, it can make life meaningful and feel less repetitive. One thing that it shouldn’t be is a burden. Make sure that you always have the choice to not do it if you don’t feel like doing it that day. Otherwise, it just becomes another responsibility.

“活出一千天”的关键是每天都做一些对你来说有意义且令人愉悦的事情。它们不必是大事。它可以是为你所热衷的事情而努力。它可以是玩一个你偶然发现并觉得有趣的游戏。它可以是和你喜欢的人共度时光。不论是什么，确保每天至少花几分钟去做这些事情。只要它能给你带来满足感和幸福感，它就能让生活变得有意义，不那么重复。而一件事情不应该成为负担。确保你总是有选择不做的权利，如果那天你不想做它的话。否则，它就会变成另一个责任。

Try out new things that interest you and don’t be afraid to stop doing things that don’t interest you anymore. What you find meaningful and fulfilling now doesn’t have to be the same as what made you fulfilled the day before. Just make sure that there is something to look forward to. If you wake up every day dreading the things that are to come, then you are living your life wrong.

尝试新的让你感兴趣的事情，不要害怕停止做那些你已经不再感兴趣的事情。你现在觉得有意义和满足的事情，不一定要和前一天让你感到满足的事情相同。只要确保每天都有一些值得期待的事情。如果你每天醒来时都在害怕接下来要发生的事情，那说明你生活得不对。

A common mistake is thinking that it is fine to reserve time for meaningful fun for until after all your responsibilities have been accomplished. There isn’t enough time for that. Life nowadays is extremely fast-paced. In high school, weekends are filled with homework, preparation for exams, and programs for well-rounded development. The moment high school is over, you are preparing for university. The moment university is over, you are preparing for work. By the time work is over, you are already over 60 years old and likely still have a lot of responsibilities like taking care of your grandchildren or repaying the debt you owe. Not only that, but you also are likely facing a myriad of health issues from all the stress you’ve been through.

一个常见的错误是认为在完成所有责任之后再去留出时间享受有意义的乐趣是没问题的。但事实是没有那么多时间。现在的生活节奏非常快。在高中时，周末都充满了作业、备考和全面发展的各种项目。高中一结束，你就在为大学做准备。大学一结束，你又在为工作做准备。等工作结束时，你已经超过60岁了，而且很可能还要承担很多责任，比如照顾孙辈或偿还债务。不仅如此，你还可能因为长期承受的压力而面临各种健康问题。

But doesn’t having fun this way distract our focus on what is “really important” and limit our potential, leading to our inevitable doom?

但是，以这种方式享乐会不会分散我们对“真正重要”事情的注意力，限制我们的潜力，最终导致不可避免的失败呢？

The answer is no.

答案是否定的。

Having fun has been scientifically proven to increase productivity. Having fun when done right actually increases our potential instead of limiting it. But there is a catch to it. One, you must be in control. If you aren’t able to decide when to have fun and when to stop having fun, you may get carried away, leading to having not enough time to fulfill your responsibilities. The second is that fun shouldn’t be an avoidance strategy. What must be done still has to be done.

科学已经证明，享乐可以提高生产力。如果适度享乐，实际上是提高我们的潜力，而不是限制它。但这里有一个关键点。首先，你必须掌控好自己。如果你不能决定什么时候该享乐，什么时候该停止，那么你可能会过度沉迷，导致没有足够的时间履行你的责任。其次，享乐不应该成为逃避责任的策略。该做的事情仍然必须完成。

At the end of the day, most of us don’t find studies and work meaningful. However, they are important because they buy time for us to do things that are.

归根结底，大多数人不会觉得学习和工作有多么有意义。然而，它们很重要，因为它们为我们争取到了做有意义事情的时间。

Written By: Henry Chen

Edited and Translated By: William Chen

ImageImage""",159,9,11,1,2024-10-01
21,"""ABOUT POLARITY (S.Y. 2024-2025) | 社团&成员介绍""","""ABOUT POLARITY (S.Y. 2024-2025) | 社团&成员介绍
Image

Polarity Introduction (Polarity 介绍)

Polarity (motto: ""Fortress of Diversity"") is Chiway Repton School Xiamen's first student-run publication with a goal of providing students a platform to “make their voices heard."" Polarity was founded on July 17, 2022 but went on a hiatus and officially relaunched on January 15, 2024. Polarity currently has 24 members, including a faculty advisor, editors-in-chief, editors, staff writers, designers, platform operators, and photographers. The word “Polarity” is implicitly connected to the two poles, the Arctic and Antarctic, choosing it as the name of our publication symbolizes our commitment to embracing a wide range of opinions and perspectives.

《Polarity》（座右铭：“多样性的堡垒”）是厦门华锐莱普顿学校第一本学生自办的刊物，旨在为学生提供一个“让自己的声音被听到”的平台。《Polarity》成立于 2022 年 7 月 17 日，但后来中断了， 2024年1月15日正式重新上线。Polarity目前有24名成员，包括导师、主编、编辑、特约撰稿人、设计师、平台运营者、摄影师。“Polarity”这个词隐含着两个极点， 北极和南极，选择它作为我们出版物的名称象征着我们致力于包容广泛的意见和观点。

Image

We mainly operate on two platforms, our WeChat subscription account and our official website, and have published many kinds of articles varying from news, editorials, popular science articles, and film reviews to art reviews, poems, flash fiction, and original stories. This year, our special columns include: Narrative Nook for original stories and film/book reviews, Dialogue Digest for student interviews and advice, and Birthday Bulletin for commemorating a member’s special day. These columns are managed by students who specialize in these fields.

我们主要运营微信订阅号和官方网站两个平台，发表新闻、社论、科普文章、影评、艺术评论、诗歌、短篇小说、原创故事等多种类型的文章。 今年，我们的特别专栏包括：用于原创故事和电影/书评的叙事角落，用于学生采访和建议的对话文摘，以及用于纪念会员特殊日子的生日公告。 这些专栏由专门研究这些领域的学生管理。

Our Team (成员介绍) S.Y. 2024-2025

ImageImageImageImageImageImage

""",225,9,5,0,2024-10-08
22,"""Paradox of Freedom 自由的悖论""","""Paradox of Freedom 自由的悖论
Image

Freedom is a concept that has been debated for centuries, and its meaning can often seem elusive. In my dream, I saw a monarchy that clearly did not advocate for equality. This thought lingered in my mind even after I woke up, and it led me to question whether any system of governance truly supports equality in power. From what I’ve reflected on, it seems that all forms of governance inevitably fall short in achieving true equality. Monarchy, democracy, communism—each places power in the hands of some, not all. The only system that seems to offer true equality in power is anarchy, though even that presents its own challenges.

自由是一个争论了几个世纪的概念，它的含义往往看起来难以捉摸。在我的梦中，我看到了一个明显不提倡平等的君主制。这个想法在我醒来后仍然萦绕在我的脑海中，它让我质疑是否有任何治理制度真正支持权力平等。从我的反思来看，似乎所有形式的治理都不可避免地实现真正的平等。君主制、民主制、共产主义——每一种都把权力交给了一部分人，而不是所有人。似乎唯一能提供真正权力平等的制度是无政府状态，尽管这也有其自身的挑战。

Many leaders claim to advocate for freedom, but what does freedom really mean? I believe that freedom is inherently limited. In the society we live in, we cannot do everything we desire because we share this world with others. In order to avoid harming one another and maintain a stable society, we have established laws and rules. However, these laws, while necessary for order, also restrict our individual freedom.

许多领导人声称主张自由，但自由的真正含义是什么?我相信自由本质上是有限的。在我们生活的社会里，我们不能随心所欲，因为我们与他人共享这个世界。为了避免彼此伤害，维护社会稳定，我们制定了法律和规则。然而，这些法律虽然是维持秩序所必需的，但也限制了我们的个人自由。

Beyond laws, there are unspoken rules that govern how we interact with others, especially in social situations. These norms dictate what is acceptable and what is not. If we fail to conform, we risk being excluded from social groups. So, while we strive for freedom, we are constantly negotiating with limitations—both legal and social.

除了法律之外，还有一些潜规则支配着我们如何与他人互动，尤其是在社交场合。这些规范规定了什么是可被接受的，什么是不可被接受的。如果我们不能随波逐流，我们就有被社会群体排斥的风险。因此，当我们为自由而奋斗时，我们也在不断地与法律和社会的限制进行磋商。

True, unrestricted freedom may be impossible to achieve. But in this pursuit, we can maximize the freedom we do have by choosing who to support, what to believe in, and how to live our lives. In a world full of restrictions, it’s important to remember that freedom lies not only in the absence of rules but in the choices we make within them.

说真的，不受限制的自由可能是不可能实现的。但在这种追求中，我们可以通过选择支持谁、相信谁以及如何生活，来最大限度地发挥我们所拥有的自由。在一个充满限制的世界里，重要的是要记住，自由不是在于没有规则，而在于我们在规则范围内做出的选择。

In the end, freedom may not be an absolute state, but it is something we can continually strive to expand in meaningful ways. We may never have complete freedom, but we can work to protect and maximize the liberties that allow us to live authentically and meaningfully in society.

最后，自由可能不是一种绝对开放的状态，但它是我们可以不断努力以有意义的方式扩大的东西。我们可能永远不会拥有完全的自由，但我们可以努力保护和最大化自由，使我们能够在社会中真实而有意义地生活。

Written By: Candace Chen

Edited and Translated By: Skyler Chen

Image

Image

""",69,7,8,1,2024-10-15
23,"""如何提升人生幸福感 How to Enhance Life Satisfaction""","""如何提升人生幸福感 How to Enhance Life Satisfaction
Image

什么会让你感到幸福？取得一个重大成就、胜利，亦或享有某种财富，就能让你体验到幸福吗？在大卫·斯坦德·拉斯特这个热门的TED演讲动画版中，大卫解释说简单调整你的日常行为，可能就会改变你的所见、所感和所为。

What makes you feel truly happy? Is it achieving a major goal, winning or acquiring wealth? In his popular TED talk animation, David Steindl-Rast explains that simply adjusting your daily actions can change how you see, feel and act.

他指出，幸福感与感恩紧密相关，即使拥有幸福的人也可能因不知足而缺乏感恩，而经历不幸的人仍可能感到快乐，因为他们心怀感激。

He emphasizes that happiness is deeply connected to gratitude. Even those who seem to have everything may feel unhappy because they are not grateful, while those who face difficulties can still feel joy if they cultivate gratitude.

那么，我们所说的感恩到底是什么？它又从何而来呢？感恩如同我们得到某件至宝，而且它是被赐予的。这两点必须结合起来，它必须是珍贵的东西，而且是份真正的礼物。当这两点同时具备时，感恩之情就会在心里油然而生，而幸福感也会如影随形，感恩之情就是这样产生的。这一切的关键在于我们不能只是偶尔体验感恩，我们要成为生活在感恩中的人。

So, what exactly is gratitude? Where does it come from? Gratitude arises when we receive something valuable — a genuine gift. Both conditions must exist: the gift must be precious and freely given. When these two factors are met, a sense of gratitude naturally arises and happiness follows closely behind. This highlights the importance of not merely experiencing gratitude occasionally but striving to live with gratitude.

为了活在感恩中，我们应该体验每个时刻作为天赐和礼物，珍惜当下和其中的契机。我们不必对一切感恩，但可以对每个时刻的机会心存感激，即使在极端困境中也要抓住机会。

To live in gratitude, we must treat every moment as a gift and cherish the opportunities it presents. We don’t have to feel grateful for every situation but we can appreciate the opportunities in each moment, even in challenging circumstances.

那么，如何找到一种方法能让我们生活在感恩中，不是偶尔，而是时刻心存感激地生活呢？我们怎样才能做到这一点？有种很简单的方法：停、看、行。

How can we cultivate a way of life that isn’t just occasionally grateful, but consistently full of appreciation? The answer is simple: Stop, Look and Go.

1. 停：我们匆匆走过人生，从不止步，因此错过机遇。我们得停下来，沉静片刻，感受美好。

2. 看：开启所有感官，享受天赐。

3. 行：拥抱机会，付诸行动。

1. Stop: We often rush through life without passing, missing opportunities to experience gratitude.

2. Look: Open your senses and enjoy the beauty and blessings that life offers.

3. Go: Seize the opportunity and act on it.

感恩的浪潮能够改变世界，因为感恩带来无畏、非暴力、分享和尊重差异，从而改变权力结构。构建一个由小团体构成的网络，成员间相互认识和互动，可以形成一个充满感恩的世界。

Gratitude has the potential to change the world. It fosters courage, non-violence, sharing and respect for differences, challenging traditional power structures. Building networks of small, connected communities where people know and interact with each other can create a world full of gratitude and happiness.

Written By: Christine Liu

Edited and Translated By: Angela Shi

Image

Image""",149,7,9,1,2024-10-22
24,"""The Queen of Mystery 推理女王""","""The Queen of Mystery 推理女王
ImageImage

Agatha Christie is considered the best-selling novelist of all time, with over 4 billion copies of her works sold globally. What made Agatha Christie such a successful writer was her compelling and skillful writing style, attracting readers for over 60 years. This article analyzes key elements of Agatha Christie’s writing style through her most iconic characters and the structure of the story. From her mastery of characterization to complicated plotting techniques, Christie established the map for classic Golden Age British murder mysteries.

阿加莎·克里斯蒂被认为是有史以来销量最高的小说家，全球销售作品超过40亿本。她的成功归因于她引人入胜且技巧高超的写作风格，吸引了读者超过60年。本文分析了阿加莎·克里斯蒂写作风格的关键元素，探讨她最具标志性的角色和故事结构。从她对人物刻画的精湛技巧到复杂的情节构建，克里斯蒂为经典黄金时代英国谋杀悬疑小说奠定了基础。

One of Agatha Christie’s writing styles was her ability to craft memorable, multilayered characters. The most famous two characters for decades are the eccentric Belgian detective Hercule Poirot and old spinster Miss Jane Marple.

阿加莎·克里斯蒂的写作风格之一是她能够塑造令人难忘、层次丰富的人物。在几十年里，最著名的两个角色是古怪的比利时侦探赫尔克里·波洛和老处女简·马普尔小姐。

Poirot made his first appearance in 1920’s The Mysterious Affair at Styles. With his egg-shaped head and curious mustache, Poirot is meticulous in his observations and reasoning. As a former Belgian police inspector, he is very proud of his work, occasionally coming across as vain or arrogant. However, beneath his obsession with order is a strong compassion for victims.

波洛首次出现在1920年的《斯泰尔斯的神秘事件》中。他那蛋形的头部和好奇的胡子使他十分显眼。作为一名前比利时警察，他在观察和推理方面非常细致。波洛对自己的工作感到非常自豪，有时显得有些自负或傲慢。然而，在他对秩序的执着之下，实际上蕴藏着对受害者的深切同情。

Miss Marple first appeared in 1930’s Murder at the Vicarage. A gossiping old biddy on the surface, Miss Marple possesses a penetrating understanding of human nature through observation of her small English village. During tea parties with the locals, she gathers crumbs of information later pieced together into important insights.

马普尔小姐首次出现在1930年的《牧师公馆谋杀案》中。表面上看，她是一位爱说闲话的老小姐，但通过对她小小英格兰村庄的观察，马普尔小姐对人性有着深刻的理解。在与当地人举行的茶会上，她收集一些信息的碎片，随后将这些信息拼凑成重要的洞见。

According to her autobiography, Agatha Christie usually began her writing process by devising the core elements of the mystery – the murder method and the killer’s identity and motives. She then wrote the story with a combination of seemingly reasonable suspects to mislead readers. Christie took great care in constructing puzzle-like plots with multiple layered clues that built towards the climactic revealing of who had “done it.”

根据她的自传，阿加莎·克里斯蒂通常在写作过程中首先构思出谜团的核心要素——谋杀手法以及凶手的身份和动机。接着，她会结合看似合理的嫌疑人来误导读者。克里斯蒂非常用心地构建类似谜题的情节，设下多层线索，最终揭示出“真相”。

Many of Christie’s novels follow a formulaic structure that effectively builds suspense. An initial discovery of a crime is followed by a police investigation interviewing all suspects. Throughout, Christie releases clues that alternately implicate and clear different suspects in the reader’s mind. Just as the reader believes they have solved it, Christie introduces plot twists like alibis or new facts that reverse expectations. Interpersonal tensions and red herrings also help to confuse the trail until the final resolution.

克里斯蒂的许多小说遵循一种公式化的结构，有效地营造出悬念。最初发现犯罪后，警察调查开始，采访所有嫌疑人。在整个过程中，克里斯蒂逐步释放线索，时而使不同的嫌疑人看似有罪，时而又将他们洗清。在读者认为自己已经解开谜团时，克里斯蒂会引入情节反转，比如不在场证明或新事实，颠覆读者的预期。人际关系的紧张和误导性的线索也帮助混淆了线索，直到最终的真相揭晓。 

Through her masterful character portraits, atmospheric settings, ingenious plotting, period research, masterful manipulation of expectations, and transparent prose, Agatha Christie revolutionized the Golden Age mystery genre. Even a century later, Christie’s novels continue to find new fans and influence modern crime fiction. Iconic detectives like Poirot and Miss Marple have penetrated global popular culture through countless television and film adaptations. It is through the original printed page that readers can still be gripped by her intriguing balance of misdirections and climax reversals and delight in her precise storytelling craft.

通过她精湛的人物描绘、富有氛围的背景、巧妙的情节构建、时代研究、对读者期待的巧妙操控以及清晰的文笔，阿加莎·克里斯蒂彻底改变了黄金时代的悬疑小说类型。即使在一个世纪后，克里斯蒂的小说仍然吸引着新的读者，并影响着现代犯罪小说。像波洛和马普尔小姐这样的经典侦探通过无数的电视剧和电影改编作品深入全球流行文化。正是通过原版印刷的书页，读者仍能被她引人入胜的误导与高潮反转所吸引，并欣赏她精确的叙事技巧。

Written By: Lesley Li

Edited and Translated By: William Chen

ImageImage""",68,5,4,0,2024-10-29
25,"""Story of Bananas 香蕉的故事""","""Story of Bananas 香蕉的故事
Image

Being one of the symbols of tropical culture, bananas, with their creamy texture and unique sweetness, are one of the most popular fruits on this planet. In summer, reading a book with a mouthful of bananas is always my favorite pastime. However, once when I read a book while peeling a banana, it all changed.

作为热带文化的象征之一，香蕉有着细腻的口感和独特的甜味，是地球上最受欢迎的水果之一。夏天，一边看书一边吃香蕉是我最喜欢的消遣方式。然而，有一次，当我一边剥香蕉一边看书时，一切都变了。

In One Hundred Years of Solitude, during a war, an utopian town called Macondo rained for four years, eleven months, and two days. Although it rains a lot in that hidden swamp, in real life it symbolizes something far more cruel—how a company used the sweetness of bananas to drown half of Central America into hell.

在《百年孤独》中，在一场战争中，一个名叫马孔多的乌托邦小镇下了四年十一个月零两天的雨。虽然那片隐秘的沼泽地经常下雨，但在现实生活中，它象征着更残酷的东西--一家公司如何利用香蕉的甜味将半个中美洲淹没在地狱之中。

Back in the late 1800s, the Costa Rican government decided to build a railroad in the country. Unfortunately, the country couldn’t afford the cost to finish this program in the rainforest, and it had proved to be really challenging to work in those conditions. Luckily, an American investor, Minor Cooper Keith, gave them a helping hand. In return, he asked for something more important than money—6% of the country’s land with a lease of 99 years. Also, the president of Costa Rica gave him tax reduction rights for this land. Unluckily, Keith was not satisfied at all. In providing labor and capital for building the railroad, Keith, this speculator, had amassed countless debts. How could he change all of this? Just on the other side of the Caribbean Sea, the answer was waiting for him.

早在 19 世纪末，哥斯达黎加政府就决定在国内修建一条铁路。不幸的是，该国无力承担在热带雨林中完成这一项目所需的费用，而且事实证明，在那样的条件下工作确实很有挑战性。幸运的是，一位美国投资者 Minor Cooper Keith 向他们伸出了援助之手。作为回报，他要了比钱更重要的东西--该国 6% 的土地，租期 99 年。此外，哥斯达黎加总统还赋予他对这块土地的减税权。不幸的是，基思根本不满意。在为修建铁路提供劳动力和资金的过程中，凯斯这个投机商积累了数不清的债务。他如何才能改变这一切呢？答案就在加勒比海的另一边等着他。

In 1870, a captain decided to have a rest in Jamaica because his ship had gotten damaged a few days ago. As a businessman, this captain called Lorenzo Dow Baker started looking for some special tropical commodities for extra chances to make money. Probably bananas are nice choices. He knew that bananas were popular among American consumers, but this fruit is a picky passenger that is hard to transfer—it goes bad easily in a couple of days because of its thin skin. Fortunately, this time the hand of destiny gave a push to him, and Baker found a unique kind of banana there—Big Mike. It was not very famous because of its thick skin. Without any hesitation, Baker brought tons of Big Mike to the North American market. Big Mike on the shelf led a yellow storm in that time. After Baker stroked gold from bananas, he found a problem: There were no more places for him to grow his bananas. That set up the perfect chance for Keith to meet Baker. They decided to collaborate together to start up an international business to sell tropical goods such as bananas in 1899.

1870 年，一位船长决定到牙买加休息一下，因为几天前他的船受损了。作为一名商人，这位名叫洛伦佐-道-贝克（Lorenzo Dow Baker）的船长开始寻找一些特殊的热带商品，以获得额外的赚钱机会。香蕉可能是不错的选择。他知道香蕉在美国消费者中很受欢迎，但这种水果很挑剔，很难转运，因为皮薄，几天就容易坏掉。幸运的是，这次命运之手推了他一把，贝克在那里发现了一种独特的香蕉--大麦克。因为皮厚，这种香蕉并不出名。贝克毫不犹豫地将成吨的 “大麦克 ”带到了北美市场。当时，货架上的 “大麦克 ”引领了一场黄色风暴。贝克从香蕉中淘金后，发现了一个问题：没有更多的地方供他种植香蕉了。这为基思遇到贝克提供了绝佳的机会。1899 年，他们决定合作创办一家国际公司，销售香蕉等热带商品。

This company is the United Fruit Company.

这家公司就是联合果品公司。

Keith turned more and more greedy since he started up this business. With his power in Costa Rica, Keith let his son-in-law and brother-in-law control the cabinet. His nephew even became the president of this country. Turns out, this private sector company had become a “state-owned business” of Keith’s family. This made it less necessary for it to improve its methods of production. Workers didn’t have much pay and had to bear nasty working conditions. Also, in order to ripen the bananas better, Keith asked workers to burn kerosene in plantations. This often caused explosions that killed innocent employees. Also, to prevent possible banana illnesses, all workers needed to coat toxic pesticides on their clothes and skin. Every day, countless workers lost their lives from this. Those who remained could only keep working in the poisonous banana forest day and night with exhaustion and the fear of death. This ignited a fire of revolution among workers.

凯斯自创业以来变得越来越贪婪。凭借在哥斯达黎加的权力，基思让女婿和妹夫控制了内阁。他的侄子甚至当上了这个国家的总统。结果，这家私营企业成了基思家族的 “国有企业”。这使得它没有必要改进生产方法。工人们没有多少工资，不得不忍受恶劣的工作环境。此外，为了让香蕉更好地成熟，凯斯还要求工人在种植园里燃烧煤油。这经常会引起爆炸，导致无辜员工丧生。此外，为了防止香蕉生病，所有工人都需要在衣服和皮肤上涂上有毒的杀虫剂。每天都有无数工人因此丧生。剩下的工人只能在有毒的香蕉林里日夜劳作，疲惫不堪，生不如死。这点燃了工人们的革命之火。

The next ruler of the UFCO was even more cruel. Samuel Zemurray, a genius at playing political tricks, expanded the “Republic of bananas” in Honduras. He assisted a previous president of this country, who hid in the United States, to create a new government with his own soldiers. This president gave him 10 thousand hectares of land and 25 years of tax-free rights as rewards for Samuel’s contribution. This provided chances for Samuel to better exploit the workers.

下一任 UFCO 统治者更加残酷。塞缪尔-泽穆雷是玩弄政治伎俩的天才，他在洪都拉斯扩大了 “香蕉共和国”。他协助躲藏在美国的该国前任总统用自己的士兵建立了一个新政府。这位总统给了他 1 万公顷的土地和 25 年的免税权，作为对塞缪尔贡献的回报。这为塞缪尔更好地剥削工人提供了机会。

Samuel did all of this to force the USA government to reduce the taxes on his bananas. After this, he realized one thing—if you can’t solve the problem from a government, you should solve the government itself. That was how Samuel “ruled” the banana industry in Central America: If workers dared to fight back, find their government to suppress them. If the government said no, suppress the old one and create a new one. This situation caused the tragedy of Colombian workers. In 1928, workers asked for better security on medication and health care during their work and rest for one day each week. Forced by the UFCO, the Colombian government police shot at workers in that strike, killing over 3000 innocent workers.

塞缪尔做这一切都是为了迫使美国政府减少对他的香蕉征税。在这之后，他明白了一个道理--如果你不能从政府那里解决问题，你就应该自己去解决政府的问题。塞缪尔就是这样 “统治 ”了中美洲的香蕉业：如果工人敢反抗，就找政府镇压。如果政府说不，那就镇压旧政府，建立新政府。这种情况造成了哥伦比亚工人的悲剧。1928 年，工人们要求加强工作期间的药品和医疗保障，每周休息一天。在哥伦比亚工人联合会的逼迫下，哥伦比亚政府警察向参加罢工的工人开枪，打死了 3000 多名无辜工人。

This is a black page of Colombian history—a scar that will never heal.

这是哥伦比亚历史上黑色的一页--一道永远无法愈合的伤疤。

In the yard of a small house sat a young boy beside his grandpa, who was listening to this story silently. His grandpa told him that the strike happened in a plantation called Macondo. The old man told the boy that Central America used to be a land with mighty rainforests and countless crops. But in order to kill the virus hidden in the soil, these banana sellers built reservoirs on this land. After that, nothing could grow on them except bananas. Every year and every day, non-stop. The boy wrote all of this in his book.

在一栋小房子的院子里，一个小男孩坐在爷爷身边，静静地听着爷爷讲这个故事。爷爷告诉他，罢工发生在一个叫马孔多的种植园里。老人告诉小男孩，中美洲曾经是一片拥有茂密雨林和无数农作物的土地。但为了杀死隐藏在土壤中的病毒，这些香蕉贩子在这片土地上修建了蓄水池。从那以后，除了香蕉，什么都长不出来了。年复一年，日复一日，从未间断。男孩把这一切都写进了他的书里。

The boy, Garcia Marquez, recorded the story of bananas in his pages. He recorded how officers in the bananas’ company shot at a boy just because he had hit them by accident. He recorded how the rain of Macondo washed everything away. He recorded how nobody believed that the bodies of dead workers filled a massive yellow train...

男孩加西亚-马尔克斯在他的书页中记录了香蕉的故事。他记录了香蕉连的军官如何因为一个男孩不小心撞到他们而向他开枪。他记录了马孔多的大雨如何冲走了一切。他记录了没有人相信，死去工人的尸体如何填满了一列巨大的黄色火车......

At the end of all of this, the solitude and the bitterness from Latin America grew into bananas, concealed by their soft and creamy taste. Could it really be covered?

在这一切的最后，来自拉丁美洲的孤独和苦涩长成了香蕉，被其柔软细腻的口感所掩盖。它真的能被掩盖吗？

Written By: Hestia Zheng

Edited and Translated By: Henry Chen
ImageImage""",112,6,3,0,2024-11-05
26,"""影评: 弗兰西斯哈(Frances Ha)""","""影评: 弗兰西斯哈(Frances Ha)


Frances, 怀揣着舞蹈梦奔跑跃动在黑白的纽约街道间，理想主义的火花在旋转中撒向她每一个如舞台一般的世界。她笨拙地生活在这个复杂的世界，好似有一层玻璃将她与这个世界所分开，将这个老成的孩子阻挡在成年人的世界之外。这种局外人的感受爆发在好友Sophie离开之后，这种离开绝不仅仅是距离的延伸，而更像是一种抛弃，或者说某种意义上的背叛——像是刚刚结束了一场原以为永远不会结束的梦。原本飘渺的现实转换成了不断增长的压力，推进着她与现实之间的磨合——不顾一切向前冲，跌倒，爬起，重新奔跑。现实使理想的火焰变得时隐时现，她始终用一种格格不入的真诚莽撞地冲进这个世界，直到遍体鳞伤才发现自己独自站立在黑暗中。

Frances, with the dream of dancing in mind, she runs and dances through the black and white streets of New York. The sparks of idealism are spinning and spreading into every stage-like world of hers. She lives in this complicated world, as if there is a layer of glass separating her from the world, blocking this mature child from the adult world. This feeling of being an outsider broke out after her friend Sophie left, this kind of departure was not just an extension of distance, but more like an abandonment, or a betrayal in a certain sense - like the end of a relationship that she thought had just ended. The originally ethereal reality turned into ever-increasing pressure, pushing her to adjust to reality - rushing forward regardless of everything, falling, getting up, and running again. Reality makes the flame of ideal appear and disappear. She always rushes into this world recklessly with an incompatible sincerity and realizes that she is alone once she is covered in bruises.

无数的片段零碎地记录着时间的流逝，也无声地记录下了她的选择。Frances 放弃了舞台上的聚光灯，而是选择转到了幕后，一切看上去都在往更好的方向发展，她完成了自己的妥协。Frances的生活就像一面镜子，让我们在其中发现自己的踪迹，瞥见未来的一隅——梦想能否经得起现实荆棘的考验，黑夜中熠熠生辉的理想主义火花如何撑过漫长的白天？

Countless fragments record the passage of time piecemeal and silently record her choices. Frances gave up the spotlight on stage and chose to move behind the scenes. Everything seemed to be moving in a better direction, and she completed her own promise. Frances’ life is like a mirror, allowing us to find traces of ourselves and glimpse a corner of the future - can dreams withstand the test of the thorns of reality, and how can the spark of idealism shining brightly in the night survive the long day?

Frances 一直对事物有独特的看法和追求，“我喜欢那些看起来像错误的事情。”（I like things that look like mistakes.），她期待一种极致的灵魂契合，她活在感受中，活在思考和探寻中。她的形象是一种个体普遍性的结合，是这个时代下群体性所面临的共同抉择。但她，这面镜子中，我们发现现实和理想并不总是对立的，理想的虚幻和美好是那么的难得，它必然会蒙蔽部分的真实，而现实却为那些阴翳带来了阳光，让我们真正清晰的看见自己到底想要什么，而所谓的妥协也只是披上了理想外衣的表象，而实质上是我们逐渐成熟的思考。

Frances has always had a unique view and pursuit of things, ""I like things that look like mistakes.""（I like things that look like mistakes.）, she looks forward to an ultimate resonance of soul, she lives in feelings, and in thinking and exploring. Her image is a combination of individual universality, representing the collective choices faced by many in this era. But in her, this mirror, we discover that reality and ideals are not always opposites. The illusion and beauty of ideals are so rare that they inevitably obscure part of the truth. Reality, however, brings light to those shadows, allowing us to clearly see what we truly want. What we call compromise is merely the appearance wrapped in the guise of ideals, while, it is the result of our gradually maturing reflections.

Frances ——Ha ！这个带有喜剧色彩的名字读起来也像是一种叹息，或是经历犹豫与抉择后与自己的最终和解。人生流逝于弹指间，在经历了所有世俗，纷争，压力，疲惫之后，也许一声“Ha”就足以概括很多——那最好的结束，也是重新的开始。

""Frances—Ha! This name, tinged with a sense of comedy, sounds like a sigh, or perhaps a reconciliation with oneself after moments of hesitation and decision. Life slips away in the blink of an eye, and after going through all the worldly struggles, conflicts, pressures, and exhaustion, maybe a simple 'Ha' is enough to sum up so much—the best kind of ending, and also a new beginning.""

Written By: Cathy Zheng

Edited and Translated By: Joy Chen

ImageImage""",75,3,2,0,2024-11-08
27,"""How Different Philosophies Shape You 不同的哲学如何塑造你""","""How Different Philosophies Shape You 不同的哲学如何塑造你


Over the years, I’ve met many different people, each having different philosophies in life. What I find fascinating is how much these different philosophies shape the person who holds them.

多年来，我遇到了许多不同的人，他们每个人都有不同的人生哲学。我发现最吸引人的，是这些不同的哲学如何塑造持有它们的人。

One philosophy I’ve seen some have is what I like to call: “you-can’t-lose-when-you-don’t-try”. This is basically when you see people purposely not try so that when they fail, they can just blame it on the lack of effort and not have their skills questioned. When they succeed, they can even say they did it without even having to lift a finger. With this philosophy, it feels like one can only win and never lose. However, that is often times not the actual case. In fact, doing this can lead to falling behind peers, choosing to give up and “not try” in more and more things. While you may come to the conclusion that these people are just lazy, this may not be true. People with this kind of philosophy often have gone through hardships, and unlike all the superhero-y stories we’ve read, they weren’t able to overcome them. As a result, they choose to protect themselves with this philosophy. They choose to give up on themselves because in that moment, it was the least painful thing to do.

 我见过的一种哲学，我称之为“你不尝试就不会失败”。这基本上是指一些人故意不去尝试，这样当他们失败时，可以把责任归咎于缺乏努力，而不必质疑自己的能力。当他们成功时，甚至可以说自己根本没有费力气。持有这种哲学的人似乎总是能够获胜，而从未失败。然而，实际情况往往并非如此。实际上，这种做法可能导致他们在同龄人中落后，越来越多地选择放弃和“不尝试”。虽然你可能得出这些人只是懒惰的结论，但这未必是真的。持有这种哲学的人通常经历过艰难的境遇，与我们读到的所有超级英雄故事不同，他们没有能够克服这些困难。因此，他们选择用这种哲学来保护自己。他们选择放弃自己，因为在那个时刻，这是最不痛苦的选择。

At the other end of the spectrum is what I would call the “constant self-improvement” philosophy. This is when people try to improve every aspect of themselves and constantly strive for better. While you may think this is an amazing philosophy that leads to success, that is not entirely the case. I’ve personally tried this philosophy to a slight extreme and long story short, it was exhausting. Whenever something wrong happened in my life, I would always think of what I could have done better and what I could improve in. I would put the blame on myself even if it really wasn’t. Whenever someone does something better than me, I wouldn’t feel happy for them and instead feel frustrated at myself for falling behind. What’s even more frustrating is whenever I got worse at something. We always hear how accumulated constant self-improvement can lead to greatness, but often times forget that we should leave room for mistakes and “un-improvement”.

另一端是我所称的“持续自我提升”哲学。这是指人们努力改善自己各个方面，不断追求更好。虽然你可能认为这是导致成功的伟大哲学，但事实并非完全如此。我个人尝试过这种哲学，甚至有些极端，简而言之，这让我感到疲惫。每当我生活中发生不顺时，我总会想自己能做得更好，能改进什么。我会把责任归咎于自己，即使这并不是真的。每当有人比我做得更好时，我不会为他们感到高兴，反而会因为落后而感到沮丧。更令人沮丧的是每当我在某方面变得更差。我们常常听到持续自我提升的积累可以导致伟大，但常常忘记我们应该给错误和“不进步”留出空间。 

For most of the people I’ve met, they’ve settled for somewhere in between. Whenever they get motivated, they start trying hard for quick bursts. They strive hard in what they find important, but also know to let go whenever they need to. Whatever it is you choose to do, remember that no philosophy is guaranteed to lead to success. Along the way, adjustments would be needed based on the task ahead. Have an important exam coming up? Adjust for a more strive-hard mindset. Feeling exhausted? Take a few steps back allowing yourself to have the time and space to rest. Whenever the feeling strikes that what you’re doing isn’t quite right, take a moment to pause and think about how you think and what philosophy you have for your life.

在我遇到的大多数人中，他们选择了一个介于两者之间的地方。每当他们受到激励时，他们会短时间内努力尝试。他们在自己认为重要的事情上努力，但也知道在必要时放手。无论你选择做什么，请记住，没有任何哲学可以保证成功。在这个过程中，根据眼前的任务需要进行调整。即将面临重要考试？调整为更努力奋斗的心态。感到疲惫？退后几步，给自己时间和空间来休息。每当你觉得自己正在做的事情不太对时，停下来思考一下你的想法和你的人生哲学。

Written By: William Chen

Edited and Translated By: Sarah Xu

ImageImage""",71,5,2,1,2024-11-12
28,"""对于高敏感所带来的问题，我们真的需要一个解决方案吗？""","""对于高敏感所带来的问题，我们真的需要一个解决方案吗？
Image

一个对于外界环境变化极其敏感的人，通常也对这个世界拥有极强的感知力。但“高敏感”这个特质却也会在这群人感受世界的同时，困扰着他们。

A person extremely sensitive to changes in their environment often has a heightened perception of the world. Yet, this trait of ""high sensitivity"" can also become a burden, making it hard for them to navigate life.

我便是一个鲜明的例子。陌生人在公共场合向我投来一个意义不明的眼神，便能使我胡思乱想一整天。抛开情绪方面的困扰不谈，周遭事物的变化对感官的刺激，也无时无刻影响着高敏感人群的生活。

I am one example myself. One vague look from a stranger in public can leave me overthinking about it for an entire day. Beyond emotional distress, the constant stimulation of senses affects every aspect of life for highly sensitive people.

对于这样的困扰，我们选择向外界寻求解决方案，可是好像从没有得到一个理想的结果。

To address these struggles, we turn to the outside world for solutions, yet never found the ideal answer.

似乎没有人在正面回应我们的诉求。因为我们只得到了两种答案，而当我静下心去思考这些答案，往往会发现它们很荒谬。它们真的是合适的解决办法吗？

It seems our concerns receive little direct response. We’re left with two kinds of advice, and when I think them through, they often seem absurd. Are they really the right solutions?

第一种就是去鼓励你做一个迟钝的，有钝感力的人，并且不要胡思乱想或不要在意其他人的看法。

One solution is to encourage us to become less sensitive, to stop overthinking or worrying about others’ opinions.

第一次听到这样的话，是在父母的口中。年幼的我不曾有过怀疑，因为我极度相信他们口中的那一句“爱哭又敏感的小孩做不成任何事”，所以我委屈地想要改变自己。但把这种转变真切地落实下去，似乎是我从小到大都无法做到的事情。而时至今日，我仍然可以听到这样的言论，无论是来自朋友，老师，长辈，还是其他人。

I first heard this from my parents. As a child, I didn’t question it—I deeply believed in their words that “a sensitive child who always cry could never accomplish anything,” so I tried to change myself. But truly carrying out such a change is a task I never succeed, even after years of effort. To this day, I still hear this advice from friends, teachers, elders, and all the other people.

于是我开始思考这个观点的合理性。假若高敏感人群真的想要通过“变得迟钝”来过得轻松的话，开始这一行动的难度会有多大？我的确尝试过，但是我失败了，并且失去了再一次这么做的勇气和精力。如果我需要掩盖自身的特点，转而成为“迟钝人群”的一员，我的存在是否就被全盘否定了？不同的思维或性格特质真的有高低贵贱之分吗？

Thus I started questioning its validity. If highly sensitive people want to “become unresponsive” to live more easily, how hard would it be to change? I’ve tried, but I failed and lost the courage and energy to try again. If I have to hide my nature and become “one of the insensitive,” doesn’t that deny my very existence? Are there really superior or inferior types of thinking or personality traits?

第二种答案，反其道而行之。他们会告诉你高敏感是一种天赋，因为敏感，所以你们在人际交往中善解人意，有很强的共情能力，因为敏感，所以你们还更擅长在生活与工作中发现错误、及时自我反思。

The second answer is the opposite approach. People tell you that high sensitivity is a gift. Because you’re sensitive, you’re empathetic in relationships, keenly aware of errors in life and work, and quick to self-reflect.

人们普遍认为这样的回答会让高敏感人群产生强烈的感动，从前的我亦是如此。但是从未消失的困扰促使着我一再思考，最终猛然发现这样被人夸口的品质都有着很强的利他性。这些所谓“美好且有益”的品质，无一例外地让我们更好地服务于整个社会，而非自己。

Most people suppose this answer to make sensitive people feel deeply touched, and I used to feel that way. But my persistent struggles led me to realize that these praised qualities have a strong altruistic nature. These “beautiful and beneficial” traits ultimately serve society, not ourselves.

可是无止境地利他却是造成内耗和焦虑的根源，所以这不是我们想要找寻的答案。这就好像我整日烟不离手，吞云吐雾，同时不断地为自己抽烟的陋习而感到羞愧与悲哀。我迫切地想要戒烟，却仍然被告知：“抽一根烟，让自己的生活变得更好吧。”

But endless altruism only breeds anxiety and inner conflict, which isn’t the answer we’re looking for. Imagine being chained to smoking, desperate to quit but constantly hear, “Have another cigarette, it’ll make your life better.”

我们永远被摆在社会发展的角度里，迎面而来的是从未终止的审判。他人没有看清高敏感的真相，却仍然盲目地给出偏离关键问题的答案。

Society always puts us on trial for its development. People don’t see the truth about high sensitivity, yet they keep giving solutions that miss the core issues.

于是我又开始天真地幻想起一个没有竞争与压迫的社会，想象着自己在这样的环境里生活该有多么轻松和快乐。但是幻想终究是虚假的，并且人们所说的那句“这个世界就是如此残酷”一直萦绕在我的耳畔，我终于发现，这一切似乎令我着急了——我急于找到一个解决方案，而忽视了所有高敏感曾带给我的，细腻而难忘的感受。我也忽视了一个事实：我将自我摆在了一个供人审视与批判的展台之上，可我忘记了我也曾因为这般审视与评价而流下眼泪。即使所有高敏感人士都生活在理想乌托邦，不讨喜的天气变化与突如其来的过度思考，都能够在一瞬间，再一次将我们击碎。

So, I naively dream of a society without competition or pressure, imagining how relaxed and happy I would feel. But at the end of the day, fantasy is fake, and the phrase “the world is just so cruel” always echoes in my ears. I’ve come to realize I was too eager for an answer, overlooking the delicate, unforgettable moments that sensitivity has given me. I also overlooked the fact that I had put myself on display for others’ judgment and critique, even though it only brings tears. Even if all sensitive people lived in an ideal utopia, an unpleasant change in the weather or a sudden flood of thoughts could still shatter us in an instant.

或许真正的答案只是简单的了解与包容。或许真正的问题并非敏感，而是错把敏感当成了真正的问题。因为敏感并非需要被修正的缺陷，也不是一种被天赋盖过弱点的品质。

Perhaps the true answer is simply understanding and accepting. Perhaps the issue is not sensitivity itself, but mistaking it as the problem. Sensitivity isn’t a flaw that needs fixing, nor is it a trait solely defined by its benefits.

因此，我们渴望更广泛的理解与包容，我们也渴望站在明处，坦然自在地，与所有人一起。

Therefore, we long for broader understanding and acceptance, and we also wish to stand in the open, comfortably, alongside everyone else.

Written By: Doris Jane

Edited and Translated By: Grace Cai 
ImageImage""",430,71,32,5,2024-11-15
29,"""Question Everything 质疑一切""","""Question Everything 质疑一切
Image

We all have our (not religious) beliefs and understanding of how the world works. They are what guide our actions and where we go when we want to make sense of new situations. Usually, once accepted, a belief resides in your brain until it is forgotten or your brain rots, whichever happens first. However, the validity and usefulness of the belief usually do not last nearly as long. This is why we must examine our beliefs on a regular basis to see what value they still hold, if any.

我们每个人都有自己的（非宗教性的）信仰和对世界运行方式的理解。它们是我们行动的指南，也是我们想弄清新情况时的方向。通常，信念一旦被接受，就会留在你的大脑中，直到它被遗忘或你的大脑腐烂，以先发生者为准。然而，信念的有效性和实用性通常不会持续太久。这就是为什么我们必须定期审视自己的信念，看看它们是否还有价值。

Think of something that you believe, if you will. It can be anything from the belief that studying is more productive than playing to the belief in your own existence. Think about why you believe in it. Is it because you saw or experienced it? Is it because someone told you it was true and gave you convincing proof to believe it? Or maybe because it is just less troublesome to accept it as truth regardless of whether or not you actually believe it. Whatever reason you have, throw them aside first and pretend that they never existed.

Now question your belief.

请想一想你所相信的事情。可以是 “学习比玩耍更有效率 ”的信念，也可以是 “相信自己的存在 ”的信念。想想你为什么相信它。是因为你看到或经历过吗？是因为有人告诉你这是真的，并给了你令人信服的证据？又或者是因为无论你是否真的相信它，接受它为真理只是一件比较省事的事。不管你有什么理由，先把它们扔到一边，假装它们从未存在过。

现在，质疑你的信念。

Ask yourself: Is it true? Why is it true? What does it imply if it is true? Come up with reasons that you believe in and accept instead of consensus or “correct” reasons. For every answer you come up with, question it. Pretend that you are explaining to a toddler who does not understand anything. Don’t be content with basic explanations that intend to stop all thinking, especially ones along the lines of “because that’s just the way things work."" Your goal here is not necessarily to arrive at an answer but to try to uncover the fundamental “truths” you hold that govern your life. As you dig deeper and deeper, check if there are inconsistencies in the reasons behind your beliefs. If there are, then either you are missing something, you do not a hundred percent believe in those reasons, or your beliefs are not firmly rooted in logic and reasoning.

问问你自己 这是真的吗？为什么是真的？如果是真的，它意味着什么？提出你相信并接受的理由，而不是共识或 “正确 ”的理由。对于你想到的每一个答案，都要提出质疑。假装你是在向一个什么都不懂的幼儿解释。不要满足于旨在停止所有思考的基本解释，尤其是那些 “因为事情就是这样 ”的解释。你的目标不一定是得到一个答案，而是试图发现你所持有的、支配你生活的基本 “真理”。当你越挖越深时，检查一下你的信念背后的原因是否前后矛盾。如果有，那么要么是你遗漏了什么，要么是你没有百分之百地相信这些理由，要么是你的信念没有牢固地扎根于逻辑和推理之中。

Do all beliefs have to be based on logic and reasoning? That is something you could question. Be careful of assuming things that are generally thought to be obviously true. Minimize that amount of beliefs that you have that are not backed up by reasons. It is sometimes unavoidable to believe in ideas with no deeper reason, but it's less common than you might think.

是否所有信念都必须基于逻辑和推理？这是你可以质疑的问题。小心假定那些被普遍认为是明显真实的事情。尽量减少没有理由支持的信念。相信没有深层原因的想法有时是不可避免的，但这种情况比你想象的要少。

What if you do not really know what you believe in? Another approach you could take is to look at certain actions you took and try to reason out your beliefs based on them. It is true, however (or is it?) that the reasons behind one’s action may have more to them than just one’s beliefs.

如果你真的不知道自己的信仰是什么呢？你可以采取的另一种方法是，看看你采取的某些行动，并试着根据这些行动推理出你的信仰。然而，一个人行动背后的原因可能不仅仅是他的信仰，这一点是真的（或者是真的吗？

You may eventually come up with a question to which you have no good response. Maybe you don’t know why you feel good after doing good to others. Maybe you don’t understand how different conditions could prompt you to do different things. When this happens, it might be time to do some research or ask for help from others.

你最终可能会提出一个你没有很好回答的问题。也许你不知道为什么与人为善会让你感觉良好。也许你不明白为什么不同的条件会促使你做不同的事情。出现这种情况时，也许是时候做一些研究或向他人寻求帮助了。

At the end of all this, you would have hopefully learned more about yourself, rejected outdated beliefs, and gained a better understanding for the things you choose to still believe in. Just because you found a new way to think about something, however, does not mean that it is the absolute best way to do it. Try attacking one problem from multiple angles; you may come up with different conclusions.

在这一切结束的时候，你有望对自己有更多的了解，摒弃过时的信念，并对你选择仍然相信的事物有更好的理解。然而，仅仅因为你找到了一种思考问题的新方法，并不意味着它就是绝对最好的方法。尝试从多个角度来解决一个问题，你可能会得出不同的结论。

Remember that updating your beliefs is a never-ending process. Our goal, therefore, is not to achieve a perfect understanding of the world but to constantly improve learning more about ourselves and the world around us.

请记住，更新你的信念是一个永无止境的过程。因此，我们的目标不是对世界有完美的理解，而是不断提高对自己和周围世界的认识。

Written By: Henry Chen

Edited and Translated By: Sarah Xu

ImageImage""",100,7,6,1,2024-11-19
30,"""Attention 注意力""","""Attention 注意力
Image

在Ulric Neisser, Robert Becklen and Daniel Cervone（人名）内的研究中，观众们正在观看两组人相互抛球的片段，而一名妇女则从他们中间走过。观看结束后，观众们能够详细指出游戏的过程。却没有注意到从他们身边走过的那位女士。为什么会这样？信息处理的缺失是如何导致许多事故发生的？

During the research of Ulric Neisser, Robert Becklen and Daniel Cervone, viewers were viewing a clip of two groups of people tossing balls across each other, while a woman walked through them. After viewing, the viewers were able to point out the process of the game in details. Not realizing the woman who passed by. Why so? How does the lack of information processing lead to many accidents?

回答这个问题的关键是了解注意力的概念。注意分为两类：无意识注意力和有意识注意力。我们有权选择关注哪些信息，有意识地感知这些信息。由于我们的信息处理能力有限，能被同时处理的信息只有几个。例如，在聚会中会有背景音乐。在与他人交谈时，你不会注意到其他外部信息，包括聚会中难闻的气味。这一过程被称为选择性注意，即在一段时间内专注于某一特定对象，同时忽略分心和无关信息的行为。此外，选择性注意的一种表现是，当我们的注意力转移到其他地方时，我们看不到可见的物体。这个过程就是 “无意盲”。

The key to answer the question is to know the concept of attention. Attention is divided into two categories: unconscious and conscious attention. We have the authority to choose which information to focus on, perceiving this information consciously. Due to the limited capacity of our information processing, not much of it can be thought for in one sitting. For example, there are background music in a party. When engaged in a conversation with others, you are not aware of other external information including unpleasant smells in the party. This process is known as selective attention, an act of focusing on a particular object for some time while simultaneously ignoring distractions and irrelevant information. Moreover, an occurrence of selective attention is that we fail to see visible objects when our attention is directed elsewhere. This process is inattentional blindness.

据美国国家安全委员会统计，大约有 160 万起车祸是由于驾驶员用手机发短信造成的。尽管许多人声称他们可以在驾驶时同时处理多项任务，但能够在不影响驾驶性能的情况下参与认知任务的人数比例估计约为 2%（Watson 和 Strayer，2010 年）。这是因为我们的注意力从道路和电子设备之间转移，还有认知任务要求我们有限的信息处理能力。

According to National Safety Council, roughly 1.6 millions of car crashes are due to drivers texting on mobile phones. Although many claim that they can multi-task while driving, the proportion of people who are able to participate in cognitive tasks without affecting their driving performance is estimated to be approximately 2% (Watson and Strayer, 2010). These are due to our attention shifting vis versa the road and our electronic devices, and the cognitive tasks demand our limited capacity for information processing.

总之，避免在某些情况下身兼多职对于预防许多事故至关重要。

All in all, avoiding multi-tasking in some circumstances is essential to prevent many accidents.

Written By: James Chen

Edited and Translated By: Sarah Xu

ImageImage""",185,12,5,0,2024-11-22
31,"""A Journey to Overcoming Study Anxiety 克服学习焦虑之旅""","""A Journey to Overcoming Study Anxiety 克服学习焦虑之旅
Original Ariana Chen Polarity CRS IHS校刊社
 Nov 26, 2024, 12:30 AM


As a transfer student, it has only been half a year since I transferred from a public school to my current school. At first, my life seemed seemed consumed by endless classes, exams, and project reports. The study pressure loomed over me like an invisible mountain, making it hard to breathe. However, after some exploration and practice, I discovered effective ways to manage and alleviate this stress.

作为一名转校生，从公立学校转到现在的学校才仅仅半年。起初，我的生活似乎被无尽的课程、考试和项目报告占据。学习压力像一座无形的山压得我喘不过气。然而，在一段时间的探索和实践后，我发现了一些有效的方法来缓解这种压力。

1. Learning Time Management 学习时间管理

I realized that pulling endless all-nighters and studying non-stop didn’t increase my efficiency. Instead, it left me exhausted and unproductive. By creating a detailed schedule, I started allocating time for study, rest, and leisure in a more balanced way. This approach not only made my studies more organized but also ensured I had time to relax and recharge.

我意识到，不停地熬夜和持续学习并不会提高效率，反而让我感到更加疲惫。通过制定详细的时间表，我合理地分配了学习、休息和娱乐的时间。这种方法不仅让我学习更加有条理，还确保了我有足够的时间放松和恢复精力。

2. The Power of Exercise 运动的力量

I found exercise to be a great stress reliever. Every afternoon, I would go for a run on the campus track or do strength training in the gym. Exercise helped my brain release endorphins, the “feel-good” chemicals, which boosted my mood. After exercising, I felt refreshed, and my study efficiency improved significantly.

我发现，运动是缓解压力的绝佳方式。每天下午，我都会去校园跑道上跑步，或者在健身房进行力量训练。运动可以帮助大脑释放内啡肽——一种让人感觉愉快的化学物质。运动后，我感到精神焕发，学习效率也大大提高。

3. Eating for Energy 运动的力量

A healthy diet became another crucial aspect of my stress relief strategy. I started paying attention to the nutritional value of my meals, cutting down on caffeine and sugar while incorporating more vegetables, fruits, and whole grains. These changes not only made me physically healthier but also kept my energy levels steady throughout the day.

健康的饮食也是我缓解压力的重要部分。我开始关注食物的营养价值，减少咖啡因和糖分的摄入，多吃蔬菜、水果和全谷物食品。这些健康食品不仅让我身体更健康，也让我保持充沛的精力。

4. Social Connection 社交联系

Social activities became an essential part of my routine. I regularly met with friends to share learning experiences and life updates. These interactions helped me relax and often provided new perspectives on solving problems. Sometimes, just sharing my stress with someone else was enough to make me feel lighter and more optimistic.

社交活动成了我日常生活中不可或缺的一部分。我会定期与朋友见面，分享学习经验和生活感悟。这些交流不仅让我放松，还为我提供了解决问题的新思路。有时候，仅仅是向他人倾诉压力，就能让我感觉轻松不少。

5. Relaxation Techniques 放松技巧

I also practiced relaxation techniques like deep breathing and meditation. Whenever I felt tense or anxious, I would find a quiet spot, close my eyes, and breathe deeply to relax my mind and body. These techniques helped me stay calm and find balance amidst the intensity of my studies.

我还学习了一些放松技巧，比如深呼吸和冥想。当我感到紧张或焦虑时，我会找一个安静的地方，闭上眼睛，深呼吸，让身体和心灵放松。这些技巧帮助我在高强度学习中找到平衡，并保持冷静。

6. Maintaining a Positive Attitude 保持积极的心态

Perhaps the most important lesson I learned was to maintain a positive attitude. I accepted that setbacks and difficulties are inevitable in the learning process. Instead of feeling defeated, I began to see challenges as opportunities to grow. Keeping a journal to record my progress and achievements boosted my confidence and motivation, reminding me of how far I had come.

或许最重要的一点是，我学会了保持积极的心态。我明白，在学习过程中，挫折和困难是不可避免的。但我相信，只要保持乐观，没有克服不了的挑战。我开始用日记记录自己的进步和成就，这让我更加自信和有动力去面对未来的挑战。

Through these methods, I not only reduced my study pressure but also improved my efficiency and well-being. Studying transformed from a burdensome task into an enjoyable pursuit. Each day became an opportunity to face new challenges with confidence, knowing I had the tools to handle them.

通过这些方法，我不仅减轻了学习压力，还提高了学习效率。学习不再是一种负担，而是一种乐趣。我开始期待每天的新挑战，因为我知道，无论遇到什么困难，我都能从容应对。

Written By: Ariana Chen

Edited and Translated By: Angela Shi""",72,7,4,1,2024-11-26
32,"""Thanksgiving: A Season of Gratitude""","""Thanksgiving: A Season of Gratitude


It’s been a long time since I last celebrated Thanksgiving. Even though it’s not something that people would always mark on their calendars, being thankful is something that everyone can do regardless of their country’s traditions. For me, this time of the year brings into focus the people and moments that make life meaningful.

我想我已经很久没有庆祝过感恩节了。这不是每个人日历上都会标记的日子，然而，感恩是一种无关国界和传统，人人都可以做到的事情。对我来说，这个时节让我更加关注那些让我生活变得有意义的人和瞬间。

Image

A tough moment I had a few days ago reminded me of this when I was so overwhelmed by stress from both inside and outside of school that I broke down and started crying. So I called my mom who is in the Philippines, and vented on about everything weighing me down for 30 minutes. She listened quietly, letting me get it all out. Then, without a second thought, she booked a flight back to China just to accompany me. 

几天前的一次经历让我深刻地感受到了这一点。当时，校内校外的压力让我不堪重负，以至于崩溃大哭。于是我拨通了在菲律宾的妈妈的电话，倾诉了整整30分钟，把心里的委屈和压力全都倒了出来。而她只是安静地听着，让我尽情发泄，然后毫不犹豫地订了飞往中国的机票，只为了来我身边陪我。

Image(picture of little Angela with her mom)

I am forever thankful for my parents, who have always been my greatest supporters. They let me be myself by supporting me in doing what makes me happy. My mom, especially, is so thoughtful and sensitive to how I’m feeling. Even the smallest change in my mood doesn’t escape her. When I was little, she was always the first person I’d run to when things got hard. Now that I’m older and living far from home, she’s still just as attentive, always making me feel cared for. She would always remind me to take breaks, go for a walk or catch a movie with friends instead of overworking myself. Apart from all this, she also encourages me to go for my dreams instead of living in other people’s expectations. Her words stay with me: “Even if you fail, it’s okay—every attempt is a step forward, a lesson learned.” Not just my mom, but my dad also encourages me by supporting my hobbies, even buying me concert tickets so I can see my favorite artists. Their unwavering support has given me the courage, the confidence to try, to stumble, and to grow.

我非常感激我的父母，他们一直是我最坚强的后盾，支持我追求自己的快乐，让我做真实的自己。尤其是我的妈妈，她总是那么细心，总能敏锐地察觉到我的情绪变化。小时候，每当我遇到困难，第一个想去找的人总是她；而现在，尽管我们相隔千里，她依然无微不至地关心我，总让我感到被爱和被在乎。她时常提醒我不要过度劳累，要停下来休息，散散步，或者和朋友看一场电影。除此之外，她还鼓励我追逐自己的梦想，而不是活在别人的期待中。她话始终激励着我：“即使失败了也没关系，每一次尝试都是向前的一步，是一次学习。”我的爸爸也是如此，他会为我的兴趣爱好提供支持，比如给我买我最喜欢的歌手的演唱会门票。是他们让我有了尝试、跌倒、再成长的勇气和信心。

ImageImageImage(picture of Angela with her friends)

When I think about Thanksgiving, I think of my friends, too. They’re like my second family, the people I would turn to when I need someone to talk to or just a little bit of comfort. Even the ones who are far away from me would always find ways to show they care about me—whether a random text to check in, a funny meme to make me laugh or a long video call to catch up. My friends can make even my worst days feel manageable. I honestly don’t know what I’d do without them.

说到感恩节，我也会想到我的朋友们。他们就像我的第二个家庭，是我需要倾诉或寻找安慰时会依靠的人。即使那些不在我身边的朋友，也总是通过各种方式让我感受到他们的关心。不管是一条随手的问候短信，一张让我捧腹大笑的搞笑表情包，还是一场漫长的视频通话，他们总能让我在即使最糟糕的日子里也感到温暖。我真的无法想象没有他们的生活会是什么样。

ImageImage（letters written by Angela's MYP teachers)

This Thanksgiving, I’m also thinking a lot about my teachers and how grateful I am for them. I often feel like they’re not just there to teach me knowledge in the textbook—they’re also the ones who help me through difficult moments, whether in class or outside of it. I’ve had teachers who have helped me with my studies after class just to help me catch up on something I didn’t understand, or who’ve offered me advice when I was stressed out about balancing everything I had to do.  They’ve shown me that learning isn’t just about grades but about growing as a person. 

在感恩节，我也特别想感谢我的老师们。他们不仅仅教给我课本上的知识，更是在我面对困难时给予支持的人。有老师在下班后花时间帮我补习，以帮助我赶上落下的内容；也有老师在我因学业和其他压力感到焦虑时给予我建议。他们让我明白，学习不仅是为了一个好成绩，更是为了成为一个更好的人。

Image(picture of the Korean guy who helped with luggages)

What’s more, I want to thank all the people who’ve helped me, even when I didn’t know them. I remember a time when my friend and I were struggling to carry our luggage up a slope, just the two of us. A kind Korean guy saw us and offered his help. He carried our bags to our destination, and by the time we got there, his back was covered in sweat. That small, unexpected act of kindness made all the difference, and I’ll always be grateful for it.

此外，我还想感谢那些曾经帮助过我的陌生人。有一次，我和朋友拖着行李箱爬坡，累得气喘吁吁。这时，是一个善良的韩国人主动提出帮忙，把我们的行李一路扛到目的地，而他到的时候已经满头大汗。这次意料之外的善意让我感激至今。

Image

This is a perfect time to reflect on how much there is to be thankful for--whether it’s the support of friends, the encouragement from teachers, the kindness of strangers or the love of my family. We often get caught up in the day-to-day struggles, but moments like these remind me that there’s so much to appreciate in the world, even in the smallest gestures. I’m grateful for the people who lift me up, those who help me when I’m down, and who show kindness without expecting anything in return. This holiday may be a time for reflection, but gratitude should be something we carry with us every day, in every moment.

这是一个完美的时机，去回顾那些值得感恩的点滴——无论是朋友的支持、老师的鼓励、陌生人的善意，还是家人无私的爱。我们常常被日常的琐事困扰，但正是这些小事提醒着我，世界上有那么多值得珍惜的美好，即便是最微小的善举也能带来温暖。我感激那些在我低落时拉我一把的人，感激那些无私给予关怀的人。感恩节是一个反思的节日，但感恩，更应该成为我们每天、每时都带着的心情。

Written By: Angela Shi

Edited and Translated By: Grace Cai
ImageImage""",259,37,13,2,2024-11-28
33,"""Period ""Herstory"" － A Red Revolutionary""","""Period ""Herstory"" － A Red Revolutionary
Image

Once upon a time － yeah I know it sounds super cliché but that's how it goes － there was a grand and majestic castle, with two pink balconies, decorated by velvet curtains, by its side. Whenever the full moon rises for seven days, one or two princesses will appear silently on the balcony and go straight down to the central bedroom of the palace. There, servants would change all the silk blankets, clean the marble floor, and prepare a huge bed just for newlyweds － yes, princesses would stay here and wait for princes around the kingdom, who have to first go for a long running race and see if they could arrive at the castle － most of the time they couldn't. If our princess couldn’t find her lover in seven days, oops, she'll fall asleep forever. Servants will carry her and her bride price away. The followed cleaning job will last about another seven days, then it will start all over again the next month.

很久很久从前——好吧，我知道这听起来有点老套，但故事就是这么开始的——有一座宏伟壮观的城堡，在城堡的两旁，有两座装饰着丝绒窗帘的粉色阳台。每当满月升起的七天里，一或两位公主会悄无声息地出现在阳台上，然后径直走向城堡中央的卧室。在那里，仆人们会换上全新的丝绸床单，擦亮大理石地板，并为新人准备一张巨大的婚床——是的，公主会在这里等待来自王国各地的王子，而王子们必须先经历一场漫长的赛跑，以测试他们是否能抵达城堡——大多数时候，他们并不能成功抵达。而如果我们的公主在七天内找不到她的爱人，那么她将陷入永远的沉眠。随后，仆人们会把她和她的嫁妆抬走，接下来的清扫工作会持续七天左右，而这个循环将会在下个月再次开始。

I believe I have provided a vivid example of menses, menstruation, aka women’s period. The story shows the amazing process of how the egg from a woman's body came out of her nest and declined in her womb. In the next seven days, she will stay there for the sperm to visit her. That's how the period works － telling a girl that she is ready to raise a new life inside her body － the princess will become a queen. A powerful queen who could create the whole world under her dress.

我相信这个故事为大家提供了一个生动的类比——其实它所讲述的是月经，也就是所谓的“生理期”。那是一个神奇的过程：一个卵细胞离开女性的“巢穴”，进入她的子宫等待一粒精子的到来。这就是月经运作的原理——告诉一个女孩她已经准备好在身体里孕育新的生命——公主即将成为女王，而她将能够在裙摆下创造整个世界。

However, the price of this magic is costly. PMS and PMDD, these strange words that sound like computer brands are actually the nightmare for every woman who's stuck with the period. Because of the fluctuation of hormones, we might have these symptoms below －being anxious for no apparent reason, having poor concentration, or feeling angry and depressed at the same time. Physical symptoms include joint or muscle pains, headache, or trouble falling asleep. 

然而，这份“魔法”的代价却异常高昂。PMS和PMDD，这些听起来像电脑品牌的奇怪单词，实际上是每个被月经折磨的女性的噩梦。由于荷尔蒙的波动，我们常常会出现一些症状，比如莫名其妙的焦虑、无法集中的注意力，或是同时感到愤怒和沮丧。而生理上的症状则包括关节和肌肉的疼痛、头痛或失眠。

Image

Having read this truth about the menstruation, perhaps you gentlemen reading this can better understand some of the experiences of those around you, don’t you think? Girls often ask for sick leave during PE classes, although they seem as normal as other students. Your mother and sisters might act angrily in the morning, and then be blue in the afternoon for no reason. Those are all troubles they're facing while bleeding silently and feeling the pains they don't want to tell.

读到这里，我想各位读者中有些男士或许可以更好地理解身边的一些现象了吧？女孩子们经常在体育课上请假，即使她们看起来和其他同学也没什么不同。你的母亲或姐妹可能在某个早晨脾气暴躁，下午又莫名其妙地伤感。这些都是她们在默默流血和承受无法言说的痛苦时所经历的困扰。

Unfortunately, for “princes” and “kings”, most of them don't feel the same. According to the words of Greek Nature scientist Plinious in his book, menses is a form of curse which leads to drought and dying corps. In some Southern Asian countries such as Nepal and India, if girls are in period, their families will lock them in a narrow cabin in the wild for at least seven days alone. People in these regions also believed that menses is a disease only women have. They were regarded as evil spirits that bring bad luck, no one should touch them unless they want to kill themselves. In 2010, a 12-year-old girl died of serious diarrhea, because her parents refused to take her to the hospital for fear of the curse.

然而，遗憾的是，对于“王子”和“国王”们来说，他们大多无法感同身受。根据古希腊博物学家普林尼在他的书中所言，月经是一种诅咒，会导致干旱和作物死亡。在一些南亚国家，比如尼泊尔和印度，如果有女孩来了月经，她们的家人会把她们关进野外的一间狭小小屋里，至少七天。那里的人们还认为月经是一种只有女性才有的疾病，认为她们是不祥之人，谁碰她们就会倒霉甚至送命。2010年，一位12岁的女孩因严重腹泻去世，而她的父母因为害怕“诅咒”拒绝送她去医院。

When I read these records I could see women weeping through countless weeks of bleeding, tearing for the “magic” of new lives which turned to harmful curses － even though this was supposed to be a gift. I couldn’t help but wonder: Why can’t people around them take a moment to consider their actions? The ""dirty"" blood cleans the cradle for their newborns, and the ""nasty"" womb raises them. Those pairs of ""filthy"" breasts offer food for new lives.

看到这些时，我仿佛能看到无数女性为周复一周的痛苦而哭泣，为这“有害的诅咒”而流泪——而这本该是礼物，不是吗？我不禁想：为什么那些加害于她们的人就不能停下来多想想？那些“肮脏”的血为清理了新生儿成长的摇篮，那些“恶心”的子宫孕育了他们，那对“污秽”的乳房则为新生命提供了食物。

Image

Does stepping forward in history mean destroying everything from the environment which raised them? Without menses and other cycles inside women's bodies, none of the achievements of our civilization would exist.

历史的前进，难道意味着摧毁哺育他们的环境吗？没有月经和女性身体内的其他周期，我们的文明成就将无从谈起。

But even in the darkness of bias, women used their wisdom to fight against all the pressure in the past thousands of years. To hide better at first, they tried anything they could find to make lady pads － moss with mud, wild sponge, and even papyrus. Most of them lost their lives to infections of these dirty materials and bleeding too much. Later, wealthier ladies began using sheep wool or silk, while daughters of the poor used old clothes for pads. 

但即使在偏见的黑暗中，千百年来的女性也无时不刻运用着自己的智慧与压力斗争。为了更好地保护自己，她们尝试用任何能找到的材料制作卫生巾——裹着苔藓的泥土、野外找到的海绵，甚至是纸莎草。很多人甚至因为这些不洁材料感染或失血过多而丧命。后来一些，富家小姐开始用羊毛或丝绸，而贫民家的女儿则仍用旧衣服做卫生巾。

Fortunately, the world is developing fast. During World War I, some nurses who worked in the army found the perfect materials for convenient pads — cotton bandages. These anonymous great ladies wrote a letter to the American Fund for French Wounded. The organization sent the idea to the biggest paper company to produce modern pads for the first time in history.

幸运的是，文明的进步是飞速的。第一次世界大战期间，一些在军队工作的护士发现了制作方便卫生巾的完美材料——棉绷带。这些无名英雄向美国支援法国伤员基金会写信提议。该组织把这个想法送到了当时最大的造纸公司，于是最初的现代卫生巾问世了。

Image

In 1920, a black woman inventor named Marry Kenner designed sanitary belts to tie the pads better with underwear. Unfortunately, because of her gender and skin color, she didn't have the chance to apply the idea for a patent when she attempted in 1957.

1920年，一位名叫玛丽·肯纳的黑人女性发明家设计了卫生带，以将卫生巾更好地固定在内衣上。然而可惜的是，只因她的性别和肤色，她在1957年尝试申请专利时没能成功。

Now, let's go back to India. In 1998, when Arunachalam saw his wife using old rags for sanitary pads, he decided to make changes － make clean and cozy pads for the one he loved. He designed a machine to produce cheap pads with high quality. During the process of testing the pads, countless people laughed at him, even his wife tried to stop him, thinking that he had gone mad. But in the end, he made it, and his invention won the top prize in a competition for new techniques. People finally saw the need for Indian women because of his work. This saved generations of women in his country. For me, this was a touching story of revolution － the man's bravery and love became the sword to tear prejudice apart for Indian women, despite the patriarchal world he lives in trying again and again to strike him down. They failed to stop him, because this man stands for the will of countless women's will for equality － anyone who tried to stop the flood of rising should find themselves failed and hurt badly.

现在，也让我们把视线放回印度。1998年，当阿鲁纳恰拉姆看到妻子用旧布做卫生巾时，他下定决心，要为心爱的人制作既干净又舒适的卫生巾。他设计了一种机器，可以生产高质量且廉价的卫生巾。在测试这项发明的过程中，无数人嘲笑他，甚至他的妻子也认为他疯了而试图阻止他。但最终，他成功了，他的发明在一项技术创新比赛中获得了最高奖项。因为他的努力，人们终于意识到印度女性的需求。可想而知，这项发明拯救了多少女性！对我来说，这是一个感人而带有革命性质的故事——这个男人的勇气和爱，成为了撕裂偏见的利剑，尽管他生活在一个处处试图打压他的父权社会中。他们没能阻止他，因为这个男人代表了无数女性追求平等的意志——那些试图阻挡前进浪潮的人，最终只会发现自己被潮水冲刷的狼狈不堪。

Image

Here I implore you, especially to all gentlemen － respect the women around you: Your mother, your sisters, your friends. The world bestowed them with a power that both strengthened and weakened them. Women's strength is even more unbreakable than you think.

在这里，我恳请你们，尤其是男性读者——请尊重身边的女性：你的母亲，你的姐妹，你的朋友。这个世界赋予了她们一种既是力量也是负担的存在，女性的坚韧远超你的想象。

Anyway, I personally don't believe that this tiny little passage would make many differences, but I believe in the power of knowledge and civilization. Sometimes we just need some courage － courage to pass a small sanitary pad, courage to carry forward the spirit of red revolution with our hearts.

当然，我个人并不认为这小小的一篇文章能带来什么巨大的改变，但我相信知识和文明的力量。很多时候，我们需要的只是一点点勇气——递上一片小小的卫生巾的勇气，将这份“红色革命”的精神传递下去的勇气。

Written By: Hestia Zheng

Edited and Translated By: Grace Cai
ImageImage""",153,16,14,1,2024-11-29
34,"""December 2024 Book and Movie/Film Recommendations""","""December 2024 Book and Movie/Film Recommendations
Image

Happy December to everyone! As we approach the close of the 2024 season, congratulations on all your hard work and achievements! To foster creativity and engagement, Polarity is excited to announce the launch of a monthly book/film review series, starting from December 2024 and posting on the first day of every month. This initiative aims to inspire thoughtful discussions and encourage everyone to explore new stories, ideas, and perspectives.

Book/s Recommendation

Siddhartha by Hermann Hesse

Image

A novel that follows the journey of a young man named Siddhartha in ancient India as he embarks on a quest for meaning and enlightenment. Raised as a Brahmin (member of the highest caste in the traditional Hindu caste system), Siddhartha feels dissatisfied with traditional teachings and decides to explore different paths, to find deeper meaning in life.

Through his journey, Siddhartha leans profound lessons about the nature of life, love and inner peace. The story explores on finding wisdom through personal experience, rather than following rules or teachings, and understanding how everything in life is connected.

Siddhartha is an inspiring read for anyone interested in spirituality, personal growth, or philosophy. It's a beautiful reminder that true fulfillment comes from within, not from external achievements.

Movie/s and Film/s Recommendation

Home Alone 

Image

This film tells the story of a young boy named Kevin, who finds himself home alone after his family accidentally leaves him behind during their holiday vacation. When two clumsy burglars target his house, Kevin uses his wit and creativity to outsmart them, embarking on a hilarious and heartwarming adventure. The film not only delivers plenty of laughs but also deeply explores the warmth of family and the power of love.

Kevin showcases remarkable intelligence and resourcefulness throughout the movie. He cleverly devises a series of traps and tricks that leave the two bumbling thieves utterly confounded, providing endless moments of laughter. His quick thinking and bravery not only keep viewers on the edge of their seats but also inspire pride in the young protagonist’s ingenuity.

Beyond its humor, the movie also portrays Kevin’s journey of growth with heartfelt nuance. He evolves from a boy who relies on his family into an independent and courageous individual, learning to face challenges head-on. His path is filled with obstacles but also brimming with warmth and poignant moments that resonate deeply.

In addition to Kevin, the film’s other characters are equally memorable and engaging. Kevin’s family, though absent for much of the story, conveys their love and concern for him in ways that form his strongest emotional anchor. Meanwhile, the two hapless burglars bring endless comedic relief, adding to the film’s lighthearted and entertaining tone.

Home Alone shines with its captivating storyline, endearing characters, clever humor, and heartfelt themes. It is a film that delights audiences of all ages while offering a meaningful reflection on the importance of family and the journey of growing up. More than just a comedy, it carries a timeless message, reminding viewers of the value of love, resilience, and personal growth—all delivered with warmth and laughter.

The Summer I Turned Pretty

Image

The Summer I Turned Pretty by Jenny Han is a book/movie full of youthful passion, happiness, and regret. It is a story about a girl, Belly, and her unforgettable summer memories at the beach house in Cousins Beach with Jeremiah and Conrad, boys who she had known since she was young and people who she characterized as friends, brothers, and crushes. As the relationships start to change in that one summer when Belly was 16 years old, the uncontrollable masked affection and flutter in the teenagers’ hearts gradually arise. Decisions that could lead to disappointment and growth must be made by Belly and the boys. It is an entertaining movie about the process of understanding yourself and the people around you and facing different situations.

Fantastic Mr. Fox

Image

Fantastic Mr. Fox is a stop-motion animation released in 2009, and the animation mainly tells the story of three farmers who fight against other animals in the underground. Different from the current general animal animation, the image of the animal is completely anthropomorphized, and this animation consciously retains the wildness of the animals themselves, which is also one of the important reasons why the story can develop.

At the beginning of the story, Mr. Fox appears as a free-spirited image, possessing the wildness that the author has given him, just like all wild animals. But then a family's responsibilities were overwhelmed by family and responsibility. In his ordinary life, Mr. Fox puts the responsibilities of the family above freedom. But as an animal, the wildness in his bones will not be easily consumed by the breeze of life, so when the opportunity comes, he chooses to pick up the ""adventure"" as a tool for animals to cope with challenges.

Adventures will eventually lead to trouble, but Mr. Fox will not sit idly by when he is given the image of a wild animal, and he unites other animals to face trouble head-on. His solidarity is like the survival instinct of animals, and it is like the release of the repressed nature of animals, after all, as animals, they still have the blood of struggle in their bodies.

As human beings, we are undoubtedly a villain in the story, and the animals are living their own protagonists' lives, and they have not stopped their steps because of any human behavior. In the end, Mr. Fox seems to have lost the free wildness he has been pursuing, but he has succeeded again and again with that wildness. Romain Rolland is very well-known as ""There is only one heroism in the world: to see the world as it is, and to love it."" Mr. Fox is looking for his own life and accepting his own life.

ImageImage""",74,4,2,1,2024-12-1
35,"""保存在树脂冰淇凌里的甜蜜回忆""","""保存在树脂冰淇凌里的甜蜜回忆
Image

树脂作为一种多用途的材料，为艺术家们提供了一种将他们丰富的想象力具象化的方式。韩国艺术家Lurum巧妙地将小雕像封入半透明的棒棒糖中。她的作品系列《生活中的冰淇淋》捕捉了那些悬浮在甜蜜中的迷人时刻，并对记忆进行了既有趣又深思的探索。

Resin, a versatile material, gives artists a way to visualize and concretize their rich imaginations. Korean artist Lurum cleverly encapsulated small figures into translucent lollipops. In her work series, “Life in Ice cream”, she captured those mesmerizing moments that are suspended in sweetness and explored memories in a way that is both intriguing and thought-provoking.

Image

每件雕塑作品都由充满活力的光泽树脂渐变而成，看起来就像棍子上的可食用美食。Lurum甚至在每个棒棒糖上精心刻画了咬痕，赋予了作品更加逼真和诱人的外观。每件作品内含一个微型场景，透过其透明的形态，展现了童年时期的甜蜜回忆等主题。例如，一幅作品描绘了一位女士和一位男士一起跳舞的场景，而另一幅展现了两位骑自行车的人。

Each sculpture is made from a gradient of vibrant, glossy resin, looking like an edible treat on a stick. Lurum even carved bite marks on each lollipop, giving the piece a more realistic and alluring look. Each work contained a miniature scene, showing sweet memories of childhood and other themes through its transparent form. For example, a piece depicted a scene of a woman and a man dancing together while another work showed two cyclists.

ImageImage

Lurum的树脂雕塑虽然呈现甜蜜之感，却也蕴含着一种忧郁的氛围。艺术家在Instagram上阐述：“冰淇淋作为一种味觉上的享受，能够唤起甜蜜的快感，让人联想到安全与舒适。”“而另一方面，冰淇淋中的微缩模型则象征着生命中有限而脆弱的人类的记忆图像。” 通过《生活中的冰淇淋》系列，Lurum期望观众能够体验到双重形象——将生活中脆弱和不确定的记忆转化为像冰淇淋一样安全、甜蜜的存在。艺术家将这种转变称为“SWEETCH”（sweet与switch的合成词），它代表了一种理念，即将生活的记忆置于一个甜蜜、舒适的环境中，让它们被幸福地铭记。

Although Lurum’s resin sculptures evoked a sense of sweetness, but it also had a melancholic atmosphere. The artists on Instagram elaborated: “Ice-cream as a gustatory delight, evokes sweet pleasure, bringing feelings of safety and comfort.” “On the other hand, the miniature scene within the ice cream symbolizes the limited and fragile imagery of human memories in life.” Through the series of “Life in Ice cream”, Lurum hopes that the audience can experience a dual imagery—transforming the fragile and uncertain memories of life into a safe and sweet existence, just like an ice cream. Artist refers to this transformation as “SWEETCH” (a portmanteau of 'sweet' and 'switch'), it represents a concept of placing the memories of life in a sweet and comfortable environment, allowing them to be joyfully remembered.

Image

Lurum甚至创造了一个大型版本。

Lurum even created a larger version of the ice cream.

Image

树脂艺术家Lurum的系列作品《生活中的冰淇淋》捕捉了那些凝固在彩色半透明棒棒糖中的微型场景。每一件细节丰富的作品都提供了对记忆的有趣而舒适的探索。每件雕塑作品都由充满活力的光泽树脂渐变而成，看起来就像棍子上的可食用美食。

The resin artist Lurum's series “Life in Ice cream” captured miniature scenes encased in colorful, translucent lollipops. Each detailed piece offered an intriguing and comforting exploration of memories. Each sculpture is made from vibrant, glossy resin gradients that look like an edible treat on a stick.

Image

(图示内容源自互联网。若存在版权侵犯事宜，请即刻告知，我方将即刻进行删除处理。The illustrated content is from the internet. If there are any copyright infringement, please inform us immediately and we will remove it right away.)

Written By: Christine Liu

Edited and Translated By: Joy Chen
ImageImage""",59,5,1,0,2024-12-3
36,"""Greene Kàrroll [连载]""","""Greene Kàrroll [连载]
ImageImage

The room smelled faintly of lavender, the plant which the Kàrroll family had sent as a present to Martha on her last birthday—and from the look of things it was really going to be her last. 

房间⾥弥漫着淡淡的薰⾐草⾹⽓，那盆薰⾐草是卡洛尔家族在玛莎上⼀个⽣⽇时送的礼物——这也许是她最后⼀个⽣⽇了。

Being terribly sick, Martha Knightley, head chef of the Kàrroll family, hadn't been taking care of the lavender plant for months, and its once vibrant purple blooms were now dulled to a bleak grey. The fragrance still lingered, barely detectable, but it was still there. The withering of Martha's plant had eventually attracted the attention of Martha's daughter, Lilac Knightly. But it was too late; weeks of tender nourishing couldn't prevent its fading beauty, however Lilac tried. 

卡洛尔家族的主厨玛莎·奈特莉因病重，已数月无力照料这株植物。昔⽇鲜艳的紫⾊花朵如今暗淡⽆光、憔悴枯萎，⾹⽓虽依旧萦绕，却⼏近⽆踪，唯余⼀丝淡淡的幽⾹。玛莎那日渐枯萎的薰⾐草引起了她⼥⼉莱拉·奈特莉的注意。然⽽已为时过晚，数周的精⼼呵护也未能挽回它逐渐凋零的美丽，任凭莱拉如何努⼒，终究是徒劳⽆功。

The fire in the hearth of Martha's bedroom crackled waveringly, the flickering light reflecting into Lilac's silver eyes as she sat on the mug by the fireplace, her arms wrapped tightly around her calves. She stared at the quivering flames emotionlessly, with a hollow look in her eyes. Her mother was getting weaker and weaker day by day, with no sign of recovering despite the help of the Kàrroll family. Thinking of chances that she might lose her mother soon, Lilac's eyes glistened with a sheen of unshed tears, the corners shimmering like dewdrops clinging to fragile petals. Her gaze remained fixed on the dancing flames, as if seeking solace in their chaotic beauty, but the firelight only deepened the melancholy in her eyes.

壁炉中的⽕焰在玛莎的卧室中摇曳不定，微弱的⽕光映照在莱拉银⾊的双眸中。她蜷坐在壁炉旁的地毯上，双臂紧紧环抱着小腿，面无表情地静静凝视着那颤动的⽕苗，眼神空洞而深邃。母亲的身体一日不如一日，尽管得到了卡洛尔家族的悉心照顾，依然毫无好转的迹象。想到她或将失去⺟亲，莱拉的眼眶中泛起泪光，眼⻆微微闪烁，宛若依附在脆弱花瓣上的晨露。她的视线依旧停留在跳动的⽕光上，仿佛试图从其混乱的美丽中寻求一丝慰藉。然⽽⽕光却愈发映衬出她眼中的哀愁。

""Come...here, my Lilac,"" Martha whispered. She lay in the dim light of the fireplace, her body a frail and feeble shell.

“过来……我的⼩莱拉……”玛莎低声呼唤，虚弱的身体宛如⼀具空壳。

""Yes, mother?"" Staring at her mother's hollowed cheeks, Lilac couldn't help but feel distressed. She was trying her best to look at ease, because she knew that seeing her frown would only put Martha in greater torment. Martha tried to grip Lilac's hands, but she could only hold it faintly, her fingers slightly trembling.

“我在这⼉，妈妈。”莱拉微微前倾，凝视着母亲那深陷的面颊，心中不由得一阵酸楚。她尽力让自己表现得平静，因为她知道，⾃⼰表露出哪怕⼀丝的忧伤都只会让⺟亲更加痛苦。玛莎试图握住莱拉的⼿，却只能轻轻地拢住，指尖微微地颤抖着。

Image

""Look me in the eye,"" Martha said. ""I have something to tell you, солнышко, listen carefully."" 

“看着我……”玛莎虚弱地说道，“我有件事要告诉你，亲爱的，听好了。”

Leaning slightly forward, Lilac gazed at her mother firmly and intently.

莱拉微微前倾，坚定⽽专注地望着母亲。

""Stay away from Miss Greene Kàrroll,"" her mother said. “She's a witch!"" 

“远离格琳·卡洛尔⼩姐......”玛莎低声说道，“她是个女巫！”

Her voice faltered on the last word, fragile and trembling, hanging in the air like a fading note. Her chest rose one last time before falling into a complete stillness. The room, once echoing with her voice, held a deadly and uncanny silence. Her mother's stiff, cold hands fell from hers.

她的声⾳在说最后⼀个字时颤抖着，脆弱而模糊，仿佛一声即将消散的余音飘绕在空气中。玛莎的胸⼝最后⼀次微微起伏，随即归于彻底的平静。曾回荡着她声⾳的房间，瞬间陷⼊了死寂⼀般的沉默。玛莎冰冷僵硬的⼿从莱拉的掌⼼滑落。

Lilac stood, stunned, her lips quivering, her eyes widening. Her mind churned with dread, staring at her mother’s breathless body. Was this really to be her life? A future with bruises and fear? Days and nights punctuated by her father's fierce rage? She could see it clearly now, all the violence—the slaps, the choking grips, the endless threats.

莱拉呆呆地站着，双唇微颤，双眼逐渐睁大，内心被一种深深的恐惧攫住，目光凝视着母亲那停止了呼吸的身体。难道这真是她的未来吗？——⼀个⽇⽇夜夜被⽗亲的暴怒⽀配的、充满淤⻘与恐惧的未来。她仿佛已预⻅了那些可怕的场景——那⼀记记⽿光、窒息般的勒痕以及⽆穷⽆尽的威胁。

But a spark of defiance flickered within her. A new question arose: Could she escape this fate?

然而，心底微弱的反抗之火悄然燃起，一个新的念头浮现于脑海：她能否逃离这命运的束缚？

Written By: Candace Chen

Edited By: David Ryan (Faculty Adviser)

Translated By: Lesley Li
ImageImage""",261,72,5,1,2024-12-6
37,"""I Love It When It Rains""","""I Love It When It Rains
Image

    People don’t like it when it rains. Some even hate it, preferring bright, sunny, normal weather over dark, gloomy, unpredictable weather. From a single drop to light drizzles, then heavy thunderstorms; it doesn’t sound like it gets any better. People are put into situations: running late, getting soaked, catching colds, unable to go home, jamming roads, causing accidents, flooding—adding noise and work to our daily lives.

    人们不喜欢下雨天。有些人甚至讨厌下雨，他们更喜欢明亮、晴朗、正常的天气，而不是阴暗、潮湿、难以预测的天气。从一滴小雨到淅淅沥沥的小雨，再到雷雨交加；听起来似乎并没有变得更好。人们陷入这样的境地：迟到、淋雨、感冒、无法回家、堵塞道路、引发事故、洪水—给我们的日常生活增添了噪音和工作。

    Seeing the rain makes us think our day is ruined.

    看到下雨，我们会觉得一天都毁了。

    Watching it makes us believe we’re so unfortunate.

    看着雨会让我们相信自己是如此不幸。

    “Why here?”

    “为什么在这里？”

    “Why at this moment?”

    “为何此时此刻？”

    “Unpredictable. It’s so unpredictable.”

    “无法预料 真是难以预料”

But why is the rain always a bad thing? 但为什么雨总是坏事呢？

    “Rain, rain, go away. Come again another day.”

    “雨，雨，走开。改天再来”

    When it rains, we think of things that should be kept inside. We open our umbrellas and close our minds. We try to keep ourselves dry as much as possible, focusing on staying on that spot under cover. It’s as if the rain is something to escape from, something that only gets in the way. We avoid the rain too much, treating it as nature’s curse, like a rose’s thorns. Why don’t we welcome it like any other weather?

    下雨的时候，我们会想起那些应该留在屋子里的东西。我们打开雨伞，闭上双眼，我们尽量让自己保持干爽，集中精力待在有遮挡的地方。仿佛雨是一种可以逃避的东西，是一种只会碍事的东西。我们过于躲避雨水，把它当作大自然的诅咒，就像玫瑰的刺一样。为什么我们不能像迎接其他天气一样迎接雨呢？

    Every moment I find it raining outside, I get this instant feeling of running outside to leave myself with the rain. Its presence brings the feeling of beauty in gloom and happiness in loneliness.

    每当我发现外面下雨的时候，我都会有一种瞬间的感觉，想跑到外面去，让自己与雨为伴。雨的存在让人在阴郁中感受到美丽，在孤独中感受到幸福。每当我发现外面下雨的时候，我都会有一种瞬间的感觉，那就是跑到外面，让自己与雨为伴。雨的存在给我带来了阴郁中的美丽和孤独中的幸福。

    But I don’t. I don’t walk or run through the rain—because no one else seems to feel that way. No matter how much I want to soak myself in its gentle and comforting presence, I’m just like everyone else. I’m afraid of getting wet, catching a cold, and possibly looking pitiful or foolish. I’m easily moved by what others think. Still, whenever I hear people complain about the rain, I stay calm and hold onto my quiet appreciation for it. I listen closely to the pitter-patter and reach for the drops outside the window. Because I know how much it means to me, even if it isn’t to others.

    但我没有。我不会在雨中漫步或奔跑，因为似乎没有人有这种感觉。无论我多么想让自己沉浸在雨的温柔和舒适中，但我和其他人一样。我害怕淋雨，害怕感冒，害怕看起来可怜或愚蠢。我很容易被别人的想法打动。尽管如此，每当听到人们抱怨下雨时，我都会保持冷静，静静地欣赏雨景。我仔细聆听着淅淅沥沥的雨声，伸手去接窗外的雨滴。因为我知道它对我来说有多重要，即使它对别人来说并不重要。

    We can never control the weather, nor even predict it so well. 我们永远无法控制天气，甚至无法很好地预测天气。

    We don’t know exactly when it will start raining or if there will be any thunderstorms. Whether we’re inside or outside, with or without an umbrella, it could still rain any time. And we can’t always be prepared for it. But we could accept it—the surprise. 

    我们不知道什么时候会开始下雨，也不知道是否会有雷雨。无论我们是在室内还是室外，有伞还是没伞，随时都有可能下雨。我们不可能总是做好准备。但我们可以接受它—惊喜。

    The weather is a reminder that life is full of surprises, both good and bad. Our job is to accept and appreciate the weather, whatever it may be. Because when you’re grateful for everything, it all turns into happiness.

    天气提醒我们，生活中充满了惊喜，有好有坏。我们的工作就是接受和欣赏天气，无论它是什么样子。因为当你对一切心存感激时，一切都会变成幸福。

    I’ve learned to be grateful for whatever weather comes my way. I’m thankful for the sun’s warmth and light and all its contributions to nature yesterday.  I’m thankful for the rain’s silent farewell today. I’m even thankful for the thunderstorms that shake the sky, pouring us its wrath and terror, reminding me of my childhood. I’m thankful for the rainbows that prove beauty lingers after a storm. And I’m grateful for the boy standing beside me, umbrella in hand, as we enjoy our simple moment together in the streets.

    我学会了对任何天气都心存感激。昨天，我感谢太阳的温暖和光芒，以及它对大自然的所有贡献。 我感谢今天雨水的无声告别。我甚至感谢震撼天空的雷雨，它向我们倾泻着愤怒和恐惧，让我想起了童年。我感谢彩虹，它证明美丽在暴风雨后依然存在。我感谢站在我身旁的男孩，他手持雨伞，我们一起在街头享受这简单的时刻。

    We’re reminded but don’t pay attention. Every day has a weather: giving us bright and gloomy days.

    我们被提醒，却没有注意。每一天都有天气：给我们晴朗和阴沉的日子。

The rain stops. 雨停了。

    We may forget in the moment, that we can’t have rainy days forever. Maybe it would rain for the entire day, a few days, or even a whole week. But still, the rain stops. 

    此刻我们可能会忘记，我们不可能永远拥有雨天。也许雨会下一整天，下几天，甚至下一个星期。但雨还是停了。

    Just like when cars idle as they are stuck in traffic, children patient for their parents’ umbrellas, and stray dogs hiding in stores on the street, we endure the waiting in those moments, knowing things will still go our way. Rain is like the beginning and end of chapters. We’ll never know when it starts or ends, having good and bad endings to surprise us and keep us going.

    就像堵在路上的汽车空转，孩子们耐心地为父母撑伞，流浪狗躲在街上的商店里，我们在这些时刻忍受着等待，因为我们知道事情还是会按照我们的意愿发展。雨就像章节的开始和结束。我们永远不知道它何时开始，何时结束，有好的结局，也有坏的结局，让我们惊喜，让我们继续。就像堵在路上的汽车空转，孩子们耐心地为父母撑伞，流浪狗躲在街上的商店里，在这些时刻，我们忍受着等待，因为我们知道一切都会按照我们的意愿进行。雨就像章节的开始和结束。我们永远不知道它何时开始，何时结束，有好的结局，也有坏的结局，让我们惊喜，让我们继续。

We miss those rainy days. 我们怀念那些雨天。

    And sometimes we even miss those days. We long for the warmth of summer in winter and the playful snow of winter in summer. Sometimes we are too busy to recognize and acknowledge our present weather. Sometimes, instead of wishing for rain on a hot summer day, why not just watch over the sun and appreciate the weather today?

    有时我们甚至会怀念那些日子。我们渴望冬天里夏天的温暖，夏天里冬天的嬉雪。有时候，我们太忙了，以至于无法认识和承认我们现在的天气。有时，与其在炎热的夏天盼望下雨，为什么不守望太阳，欣赏今天的天气呢？

    Because that day will come, we just don’t know when.

    因为那一天终会到来，只是我们不知道是什么时候。

Selected phrase: I listen closely to the pitter-patter and reach for the drops outside the window. Because I know how much it means to me, even if it isn’t to others.

选句：我仔细聆听着窗外的滴答声，伸手去接那滴答声。因为我知道这对我意味着什么，即使对别人来说不是。

Written By: Jamila Gapuz

Edited By: William Chen

Translated By: Sarah Xu

ImageImage""",95,9,5,0,2024-12-10
38,"""""it don't matter if you’re black or white""""","""""it don't matter if you’re black or white""
Image

我应该在此处放上迈克尔·杰克逊的《Black or White》来为此篇文章开头。此歌的黑与白能让人联想到他的外貌变化，一个既令他痛苦又令别人感到怪异的转变，而这重塑了我对种族与肤色概念的理解。

I should begin this article with Michael Jackson's Black or White. The song's theme of black and white evokes thoughts of his physical transformation—a change that caused him both pain and drew curiosity from others. This transformation reshaped my understanding of race and the concept of skin color.

网络上曾有迈克尔杰克逊漂白皮肤的传闻，有人说他厌恶并背叛了自身的黑人身份，所以他整容，以迎合白人群体的审美。他因为白癜风而变浅的肤色也饱受争议。

There were rumors online that Michael Jackson had bleached his skin, with some claiming that he despised and betrayed his Black identity, undergoing plastic surgery to conform to the aesthetic standards of White society. His lightened skin tone, caused by vitiligo, also sparked considerable controversy.

种族，不仅包含肤色，还有文化。那些有着爆炸头的黑人们，被无数次告知，他们的命运是成为穷人、毒贩，甚至可能是囚犯。而迈克尔的突然出现，让如此多的黑人开始拥有一种梦想的勇气，因为他们发现和他们外表一致的黑人也有能力站在如此高的位置。

Race encompasses more than just skin color—it also includes culture. Black individuals with afros have often been told repeatedly that their fate is to remain poor, to become drug dealers, or even prisoners. Michael's sudden rise to prominence inspired countless Black people to dare to dream, as they saw someone who looked like them reach such great heights.

Image

但几年后，迈克尔的外貌变得越来越不像“黑人”，他似乎迫不及待地想要融入新的社群，于是他留着拉直的头发，在镜头里露出雪白的皮肤和瘦削的鼻梁。曾把迈克尔视为偶像的黑人们感到了失落，因为迈克尔曾让黑人们相信自己能够走得更远，可他最终把同胞们抛在身后。这群黑人不知道自己也被困在刻板印象中，尽管这不是他们的错。

But a few years later, Michael's appearance began to look less and less ""Black."" He seemed eager to integrate into a new community, sporting straightened hair, pale skin, and a slender nose in front of the camera. Black individuals who once idolized him felt a sense of loss. Michael had inspired them to believe they could go further, but in the end, he appeared to leave his own people behind. What they didn't realize was that they, too, were trapped by stereotypes—though this was not their fault.

黑人种族对于自身文化被遗弃的伤感和憎恨在此刻变得清晰。所以他真的忘记自己是谁了吗？或者，他真的遗弃了黑人文化吗？并没有，因为他拒绝用一生去做一个有色人种。

The sadness and resentment within the Black community over the perceived abandonment of their culture became especially evident at this moment. So, did he truly forget who he was? Or did he really abandon Black culture? The answer is no—because he refused to spend his life defined solely by being a person of color.

Image

他不染金发，也不带蓝色美瞳，他还会在巡演的时候把自己年幼的照片放在大屏上，观众和他都能清楚地看见那个拥有爆炸头与黑棕色肌肤的男孩。他的舞蹈总是有非洲舞的影子，他也热爱穿军装夹克，这曾是黑奴用主人丢掉的旧军装等服饰在节庆日表达个性的方式，里里外外都写满了“我拒绝被我的种族身份所限制”。

He didn’t dye his hair blond or wear blue contact lenses. During his tours, he often displayed childhood photos of himself on large screens, where both the audience and he could clearly see the boy with an afro and dark brown skin. His dances always carried traces of African movements, and he loved wearing military-style jackets—a nod to how Black slaves once repurposed their owners’ discarded military uniforms to express individuality during celebrations. Every aspect of him proclaimed, “I refuse to be confined by my racial identity.”

他从未体现出任何对黑人男性的刻板印象，譬如罪犯，他也始终没有被负面的标签所束缚，这是他对成为任何人的n*gger的抵制。他在黑人文化中获得了史无前例的自由。

He never embodied any of the stereotypes associated with Black men, such as being labeled a criminal, nor was he ever confined by negative labels. This was his resistance to becoming anyone's ""n*gger."" He achieved an unprecedented level of freedom within Black culture.

Image

他不断向世界证明，黑人不只是我们认为的那样。如果我们只能接受他的容貌固定在刻板印象范围之内并加以评价和攻击，这就是另一种歧视。

Michael continually demonstrated to the world that being Black was not limited to the narrow definitions people imposed. If we can only accept his appearance when it conforms to stereotypical expectations—and judge or attack him otherwise—then that, too, is a form of discrimination.

迈克尔为世界黑人做了无法衡量的好事，他的一生如此炳耀，他不该被如此对待。我并不想重提他的苦难，但我们都应该记住他黑棕色的肌肤下，仍在茁壮生长的是什么。

Michael did immeasurable good for Black people around the world. His life shone so brightly that he should never have been treated this way. I do not wish to dwell on his suffering, but we must all remember what continued to thrive beneath his dark brown skin.

Image

我将以写在《Black or White》MV里的一句话结尾，这是一句长响且振聋发聩的呼号：

I will end with a line from the Black or White music video—a resonant and deafening call to action:

Prejudice is ignorance.

Written By: Doris Jane

Edited and Translated By: Jenny Huang

ImageImage""",385,65,18,14,2024-12-13
39,"""Envy 羡慕""","""Envy 羡慕
Image

In Chinese, we have an old saying called “One takes on the color of one’s company. Well, every line exists for a reason, in real life most of us would be super glad to have some top dogs as our close friends. Unfortunately, when they share their happiness with us for holding the gold medal of a competition or a math exam paper with full marks, the first thing we taste in our mind might not be the same joyousness.

中国有句古话叫“近朱者赤”。世间万物皆有因，在现实生活中，我们大多数人都非常乐意与一些佼佼者成为挚友。但不幸的是，当他们与我们分享赢得比赛金牌或是数学考试满分的喜悦时，我们内心首先涌起的可能并非同样的快乐。

Have you ever caught a very strange feeling when looking at your company who is better than you, just like worms wriggling weirdly inside your stomach, making you sick and really want to puke?

你可曾在面对比自己优秀的同伴时，有一种极为怪异的感觉，就像有虫子在胃里奇怪地蠕动，让你恶心，甚至想要呕吐？

Have you ever asked yourself some really sharp questions?

- Why I‘m not the person who is glowing on the podium, even though I also worked as hard as he or she did?

- Why the happiness from the winner, who is my friend, is hurting me?

- Why am I hating the person who is so outstanding and cares about me? 

你可曾问过自己一些尖锐的问题：

- 为何站在领奖台上光彩照人的不是我，尽管我和他/她一样努力？

- 为何朋友作为胜利者的喜悦会刺痛我？

- 为何我会讨厌那个如此杰出且关心我的人？

Image

Unluckily, no one could give the exact answers to these question marks. Till now many of us are still struggling with these questions with the feeling, and her twin sister, jealousy. Many things happened because of these two naughty siblings.

不幸的是，没人能确切回答这些问题。直至如今，我们许多人仍在被这些问题以及它的孪生姐妹——嫉妒所困扰。诸多事情因这两个“调皮鬼”而起。

Being a huge fan of the musical play Alexander Hamilton, I was deeply attracted by the resilience passion, and talent of the American founding father himself: Living in a time when countless geniuses shone, his fame still burnt like wildfire in the late 18th century. However, every audience who ever witnessed the story knows that Alexander’s fate was tied to another figure, another gifted man who had the same intelligence-- Aaron Burr. For Burr, all he had experienced was extremely unfair from his perspective, compared to Mr.Hero. These two people were like the head and the tail of the same penny: They lost their parents as young boys, joined the war to fight for their country, and even worked and wrote in the same cabinet. But they were so different from the start. One “has nothing to lose”, with no titles or wealth at the beginning, who never throws away his shot. One “has something to prove”, being forced to carry the legacy and pride of his family name, always waiting for the chance and watching which wind will blow.

我是音乐剧《亚历山大·汉密尔顿》的忠实粉丝，深深被这位美国开国元勋的坚韧、热情与才华所吸引。他生活在一个天才辈出的时代，即便如此，他的声名在 18 世纪后期仍如野火般蔓延。然而，每一位看过这个故事的观众都知道，亚历山大的命运与另一个人物紧密相连，那是另一个同样天赋异禀的人——亚伦·伯尔。在伯尔看来，与这位英雄相比，他所经历的一切都极不公平。这两人就像同一枚硬币的正反两面：他们幼年都失去了父母，都投身战争为国而战，甚至在同一内阁共事、写作。但他们从一开始就截然不同。一个“一无所有”，起初没有头衔与财富，从不放过任何机会；一个“需要证明自己”，背负着家族姓氏的遗产与骄傲，总是等待时机，见风使舵。

In the whole play, the feeling of envy always stays alive inside Burr. Even though he is the “narrator” of the story on the stage, as audiences we can still see through his real thoughts between his lines. His theme song “Wait for It” is the showstopper among all the tunes, from it we could see his hesitation, vacillation, and ambivalence inside his chest. He was not as lucky as Hamilton till the end: George Washington chose Alexander as his secretary, not Burr. Alexander fought with glory in the last combat, when Burr was sick because of sunstroke. Alexander chose others to be the president, causing Burr to give up his shot. Deep inside, he must watched Alexander’s back enviously, this person had all the things he wanted: the support from friends and partners, the appreciation of the general, the love from his wife. However, after years and years, this kind of enviousness turned into jealousy and hatred with bitterness, forcing him to fire the deadly shot in that famous duel.

在整部剧中，嫉妒之情始终在伯尔心中萦绕。尽管他在舞台上是故事的“叙述者”，但作为观众，我们仍能从他的台词间洞悉他的真实想法。他的主题曲《等等看》是所有曲目中最精彩的部分，从中我们能看到他内心的犹豫、彷徨与矛盾。他始终不如汉密尔顿幸运：乔治·华盛顿选择亚历山大做秘书，而非伯尔。亚历山大在最后一场战斗中荣耀奋战时，伯尔却因中暑而抱恙。亚历山大选择他人成为总统，致使伯尔放弃了自己的机会。在内心深处，他必定嫉妒地望着亚历山大的背影，这个人拥有他所渴望的一切：朋友与伙伴的支持、将军的赏识、妻子的爱。然而，年复一年，这种嫉妒演变成了充满苦涩的怨恨与仇恨，迫使他在那场著名的决斗中射出了致命一枪。

For this occasion, I dislike this pathetic vice president at first, but once of a sudden, I realized that maybe I am another Burr in my story, who just hasn’t pulled the “trigger” right now.

起初，我很讨厌这位可怜的副总统，但突然之间，我意识到，或许在我的故事里，我就是另一个伯尔，只是还尚未扣动“扳机”。

Image

When I was younger, I used to have an excellent friend like that. She was so perfect: the girl never showed any negative thoughts or actions to anybody, always being friendly; She worked extremely hard with her own talents in math and a wide range of subjects, always taking the lead in our class; also she always wore a sweet and soft smile on her face, with her gentle manner. In one word everyone loves her. I, a student filled with hesitation and fear of my campus life, admired and appreciated her deeply.

在我年少时，曾有过一位那样出色的朋友。她近乎完美：从不对任何人表现出负面的想法或行为，总是友善待人；她凭借自身在数学及众多学科的天赋努力学习，在班级中总是名列前茅；而且她脸上总是带着甜美温柔的笑容，举止优雅。总之，每个人都喜爱她。而我，一个对校园生活充满犹豫与恐惧的学生，深深地钦佩并欣赏她。

But it seems that her existence broke the balance of my heart. In our math class, I was the only girl and often got left behind by others, for this reason, my previous teacher set a lower barrier for me to cross frequently while other students needed to reach their limit every time. Definitely, the rule disappeared when she came along--raising her hand high for every math problem, offering her homework with A*and 100 marks every day, and reaching the highest score in every exam and test.....

但她的存在似乎打破了我内心的平衡。在数学课上，我是唯一的女生，常常落后于其他人，因此，我之前的老师常常为我降低达标要求，而其他同学每次都需竭尽全力。而当她出现后，这一规则自然消失了——她每道数学题都高高举手，每天都交上 A*和满分的作业，每次考试测验都取得最高分……

Till then I was only envious of that because she deserves all of this. Unluckily, once when I decided to collaborate with her in a contest, she delayed me out of our team without any notice by accident, which meant I lost the qualification for joining it in that year.

在那之前，我只是羡慕她，因为她当之无愧。但不幸的是，有一次我决定和她组队参加一场竞赛，她却意外地在未告知我的情况下将我排除在团队之外，这意味着我当年失去了参赛资格。

Image

A few days before the contest when I was talking about the coming events I really loved with high expectations with my teacher, she frowned and told me that the girl already found another teammate and stopped working with me. Those days were already dark enough for me: the pressure from important exams and student council, having trouble having new friends, thus this bad news just rubbed salt in the wound.

竞赛前几天，当我满怀期待地和老师谈论即将到来的赛事时，老师皱着眉告诉我，她已经找了另一位队友，不再与我合作。那段日子对我来说本就阴云密布：面临重要考试和学生会工作的压力，难以结交新朋友，而这个坏消息无疑是雪上加霜。

In those days, I was soaked in depression and a kind of nameless anger, just like Burr after he got disqualified to become the president. All of a sudden, looking at all of those negative feelings, I could understand Burr a bit as a similar wretch. Envy and jealousy are both the poisons that make our hearts ache and scream: “This is so unfair!” It’s impossible to heal the bitter pain for us, and it’s impossible to embrace what it gave us. Just like I said there will be no correct answers to the three questions, all we can do is accept the truth that this feeling always exists in the air transparently. But remember, think before we act when we put our hand on the trigger called envy. 

在那些日子里，我沉浸在沮丧与一种莫名的愤怒之中，就像伯尔失去总统竞选资格后一样。突然之间，看着所有这些负面情绪，我仿佛能理解伯尔这个同病相怜之人了。嫉妒与羡慕都是让我们内心痛苦呐喊的毒药：“这太不公平了！”我们无法治愈这苦涩的伤痛，也无法欣然接受它所带来的一切。正如我所说，那三个问题没有正确答案，我们所能做的就是接受这种感觉如透明的空气般始终存在的事实。但请记住，当我们的手放在名为嫉妒的扳机上时，要三思而后行。

Written By: Hestia Zheng

Edited and Translated By: Skyler Chen

ImageImage""",73,5,2,0,2024-12-17
40,"""What is Schizophrenia? 精神分裂症是什么？""","""What is Schizophrenia? 精神分裂症是什么？
Image

Eduard Einstein, the son of Albert Einstein, was diagnosed with schizophrenia. The divorce of Eduard’s parents and the disappearance of his father negatively influenced him a lot. Later, Eduard became increasingly withdrawn and suicidal. But what is schizophrenia? Let’s find out.

爱因斯坦的儿子爱德华-爱因斯坦被诊断患有精神分裂症。爱德华父母的离异和父亲的失踪对他 产生了很大的负面影响。后来，爱德华变得越来越孤僻，并有自杀倾向。但什么是精神分裂症呢? 让我们一探究竟。

Image

What does schizophrenia mean? 精神分裂症的定义

Schizophrenia is a mental disorder that has a serious impact on how people think, behave, and feel.

精神分裂症是一种严重影响人们思维、行为和情感的精神障碍。

What are the symptoms of schizophrenia? 精神分裂症的症状

The positive symptoms, the changes in behavior and thinking, include hallucinations, talking in disorganized ways, delusions, and exhibiting inappropriate laughter, tears, or anger. Patients with hallucinations feel, see, taste, or smell things that do not exist in reality. Moreover, patients experiencing delusions do not have a logical thinking. For example, they might think that their family members will harm them.

积极症状指的是行为和思维发生变化了。这包括幻觉、无序的言语、妄想以及不合适的笑声、哭 泣或愤怒。患有幻觉的患者会感知到、看到、品尝到或闻到现实中不存在的东西。更多的是经历妄 想的患者缺乏逻辑思维。例如，他们可能认为家人会伤害他们。

The negative symptoms of schizophrenia refer to the absence or reduction in normal behavior and emotional expressions. These include toneless voices, a decrease in motivation to aim goals, not interested in past hobbies and social withdrawal.

消极症状指的是正常行为和情感表达的缺失或减少。这些症状包括缺乏语调的声音、减少对目标 的动机、不再对过去的爱好感兴趣以及社交退缩。

What does the brain structure of patients appear to be? 分析精神分裂症患者的大脑结构 

A low activity in frontal lobe: Frontal lobe is basically a brain region that helps us to plan, reason, and solve problems. Brain scans indicates that there is an abnormal low activity in the frontal lobes of patients.

前额叶活动低下: 前额叶是大脑中帮助我们计划、推理和解决问题的区域。脑部扫描显示，精神分 裂症患者的前额叶活动异常低下。 

Extremely active in thalamus and amygdala: A study uses PET scan, measuring changes in metabolic processes, and in physiological processes, while patients were hallucinating. The result illustrates that when they saw or heard something, two brain regions became significantly active. One of these areas is thalamus, the site where incoming sensory signal is filtered. The other one is amygdala, the fear processing area.

丘脑和杏仁核过度活跃: 一项研究使用正电子发射断层扫描(PET扫描)测量患者出现幻觉时代谢 过程和生理过程的变化。结果表明，当他们看到或听到某些东西时，两个大脑区域变得显著活 跃。一个是丘脑，这是过滤传入感官信号的区域;另一个是杏仁核，负责处理恐惧情绪的区域。

Image

What are the risk factors for schizophrenia? 精神分裂症的风险因素

Genetics: Much research showed that if a person has schizophrenia, the chance of its offspring developing schizophrenia will increase. For example, the probability of people being diagnosed by schizophrenia is 1 over 100, but if their sibling or parent has the disorder, the probability increases to 1 over 10.

遗传因素: 大量研究表明，如果一个人患有精神分裂症，那么他的后代患病的几率会增加。例如， 精神分裂症的发病概率为百分之一，但如果他们的兄弟姐妹或父母患有此病，患病的概率会增加 到十分之一。 

Environmental: A research suggests that the combination of genes, environments, and life experience can lead to developing schizophrenia. These environmental factors include living in poverty, dangerous, or stressful surroundings, a lack of nutrition before birth, and exposure to viruses.

环境因素: 研究表明，基因、环境和生活经历的结合可能会导致精神分裂症的发生。这些环境因素 包括贫困、危险或压力大的环境、出生前营养不足以及病毒的暴露。

Image

All in all, my initial intention is to let people know more about schizophrenia and care for the misfortunate. Some of them were born to have it, and others had severe past experience. They had no choice. Thus, we should lend a helping hand towards them. Although social support cannot cure schizophrenia, it can help to manage patients’ symptoms.

总的来说，我的初衷是让人们更多地了解精神分裂症并关爱那些不幸的患者。有些人天生就患有 这种疾病，另一些人则是由于过去经历了严重的创伤而患病，他们没有选择。因此，我们应该向 他们伸出援助之手。尽管社会支持无法治愈精神分裂症，但它可以帮助管理患者的症状。

Written By: James Chen

Edited and Translated By: Sarah Xu
ImageImage""",215,26,10,0,2024-12-24
41,"""2025: New Year, New Start""","""2025: New Year, New Start
Image

With only a few hours left till 2024 comes to an end, I can’t help but reflect on how much I’ve grown over the past year. Transforming from a sophomore into a junior in high school is no joke—it’s been a year of challenges, countless lessons, and, of course, tears. I’ve encountered situations I never expected which led to self-discovery and gave me a clearer vision of the person I aspire to become. The journey hasn’t always been smooth, but it’s been undeniably transformative.

距离2024年结束只剩下几个小时了，我不禁开始回想这一年自己成长了多少：从高二步入高三的这一年充满了挑战，也带来了无数的教训，甚至不少的眼泪。我遇到了许多从未预料过的情况，但也正是这些经历，让我对自己有了更深的了解，让我更加清晰地看到了自己想成为的样子。这段旅程并不总是一帆风顺，却是一次彻彻底底自我改变的经历。

High school often feels like a race to the future—career planning, endless to-do lists, and preparation for college applications. But, I’ve come to realize that these years are fleeting and there’s beauty in the little moments: laughing with friends in the hallways, staying up late to perfect a project, or even the quiet satisfaction of accomplishing a goal. These moments, though small, are the ones I’ll carry with me long after high school ends. They remind me to slow down and cherish the present rather than constantly rushing toward what’s next.

高中生活就像是一场奔向未来的比赛——未来的规划、无尽的任务清单、还有大学申请的准备。但就在这样忙碌的一年里，我逐渐意识到，高中的时间转瞬即逝，而其中的美好往往藏在那些细碎的瞬间里：在走廊里和朋友们笑成一团；为了完成一个项目而熬夜到很晚；更别提达成目标后的那一刻，内心中的小小满足。这些看似微不足道的瞬间，都是我在高中毕业后将珍藏的记忆。它们让我懂得放慢脚步，珍惜当下，而不是一味地向前赶路而已。

Image

A major lesson I’ve learned this year is resilience. It hasn’t been easy, there were those moments of failure and frustration—a poor test grade, things that didn’t go as planned, or times of self-doubt. One moment stands out vividly: preparing for my Chemistry mock exam. I remember sitting at my desk, tears streaming down my face as I tried to focus. My notes were sprawled across the table and tissues piled up as I wiped away the frustration. Looking back, it was in that moment of vulnerability and persistence that I truly understood what resilience means. It’s not about never falling but about finding the strength to get back up each time. Resilience has become a cornerstone of how I approach challenges, reminding me that growth often comes from pushing through discomfort.

具体来说，这一年我学到的一个重要课题是——韧性。生活并不总是轻松的，失败时常发生，就比如那些搞砸了考试，计划被打乱，以及自我怀疑的时刻。对我来说，最让我记忆犹新的一个画面是复习化学模拟考试的时候——那时我坐在书桌前，眼泪不停地往下掉，即使努力让自己集中精神，把笔记摊得满桌都是，纸巾在手旁堆成一座小山，却仍抹不掉我的沮丧。然而，正是那一刻的脆弱，与随后的坚持，让我真正明白了何为韧性。它并不是永不跌倒，而是每次跌倒后，都能找到站起来的力量。这种品质已然成为我面对挑战时的重要支撑，也让我明白，成长往往来自于一步一步地走出那些布满阴云的时刻——纵使多么缓慢。

As the calendar turns and a new year begins, many of us start with New Year’s resolutions—a tradition tied to the hope of starting fresh and making meaningful changes in the new year. In Business class, I learned that effective goals should be SMART:

随着日历翻到新的一年，很多人都会制定新年计划——希望在新的一年里有一个崭新的开始，做出有意义的改变。而在商务课上，我学到了一种制定有效目标的方法，它叫SMART，我在这里推荐给大家：

1. Specific (具体的)

2. Measurable (可度量的)

3. Achievable (可执行的)

4. Relevant (有关联的)

5. Time-bound (有时限的)

Image

While it’s easy to set lofty resolutions, the key is to break them into smaller, actionable steps. For example, instead of saying, “I want to get into my dream college,” focus on the smaller goals that will lead you there—improving your grades by participating more actively in class or exploring extracurricular activities you enjoy. Achieving these smaller steps not only builds momentum but also gives you the confidence to tackle larger challenges.

虽然制定远大的目标听起来很美好，但关键其实在于把这些目标分解成更小的、可执行的步骤。与其说“我要考上梦想的大学，”不如专注于实现一些更小的目标——比如通过更积极地参与课堂来提高成绩，或者探索自己感兴趣的课外活动。这些小目标不仅能帮助我们积累前进的动力，还能提升自信心，以支持我们完成进一步的挑战。

It’s essential not only to set goals but also to create an actionable plan. The journey from where I am now to where I want to be might seem daunting, but breaking down the bigger picture into small, manageable tasks makes it feel achievable. It’s like building a house, one brick at a time, with each brick representing a small step toward a larger vision.

目标需要行动计划的支持，而我们不妨试试，把当下与想象中的未来之间的距离看作一栋房子。这栋房子的整体可能令人望而生畏，但如果将其分解为一块块砖的堆砌，一切似乎就变得可行多了。每块小小的石砖，都是通向那远大目标不可或缺的一步。

Image

As I focus on the small goals and progress I make, I know that challenges will inevitably arise. It’s during tough times that I need to tap into the resilience I’ve been building. In 2024, I learned that failure isn’t a reflection of my worth but an opportunity to grow. In 2025, I plan to embrace setbacks as part of the learning process. When things don’t go as planned, I’ll remind myself to pause, reflect, and reset. I’ll ask, “What can I learn from this?” and use those lessons to fuel my next steps forward.

当然，在专注于小目标和进步的过程中，困境与挫败也是不可避免的。在过去的2024年中，我学到了失败不是对自我价值的否定，而是一个成长的机会。而在2025年，我计划把失败看作学习过程的一部分。当事情不如意时，我会提醒自己停下来反思，然后再次从头开始，并问问自己：“我能从这次失败中学到什么？”——这个问题的答案，往往就是能够推动自己迈出下一步的重要支持。

If you find yourself unsure of where to begin or how to move forward, try this: take one small step today—something simple, like writing down one thing you’d like to improve, organizing your notes, or even just setting aside five minutes to breathe. Sometimes, progress is about small actions you can manage in the moment.

如果在即将到来的新年，你不知道从哪里开始，或者不知道如何前进，也可以试试这个方法：在今天，当下这个时刻，迈出前进的一小步，或者说，做一件简单的事情——比如写下一个你想提高的地方，整理一下笔记，甚至只是抽出五分钟深呼吸。很多时候，前进的契机就藏在那些你立刻就能做到的小小举动中。

2025 is a year of possibilities, and I will continue to write my story. This year is about growth, not perfection; action, not hesitation. A “new year, new start” is my chance to align who I am now with who I want to become, knowing that every moment I invest in myself shapes the person I’m becoming.

我相信，2025年会是充满可能性的一年，而我将继续书写属于自己的故事。这一年，我将追求成长，而非完美；行动，而非犹豫不决。“新的一年，新的开始”是我对成为更好的自己的承诺——这每一个投入到自我成长的瞬间，都将塑造未来我的模样。

Written By: Angela Shi

Edited By: Sachiko Ting

Translated By: Grace Cai

ImageImage""",243,54,9,5,2024-12-31
42,"""January 2025 Book and Movie/Film Recommendations""","""January 2025 Book and Movie/Film Recommendations
Image

Happy New Year, Polarity welcomes you to January 2025! We’re thrilled to continue our monthly book and film review series, encouraging everyone to explore new narratives that expands understanding and sparks creativity. Here’s to a year of engaging content and thoughtful discussions—let’s make 2025 a year of discovery and growth!

Book/s Recommendation

The Fault in Our Stars by John Green

Image

The Fault in Our Stars is a deeply emotional young adult novel that explores the themes of love, mortality and the meaning of life. The story is narrated by a 17-year-old girl, Hazel Grace Lancaster, who has been living with terminal thyroid cancer that has metastasized to her lungs. She manages her illness with humor but knowing that the illness is bringing her closer to death, she struggles to make close connections with others as it may leave a painful legacy for those who care about her.

Little did she know her life takes an unexpected turn when she meets Augustus Gus Waters, a charming and optimistic 17-year-old boy who has a touch of osteosarcoma and lost a leg. As the story goes, they form a close bond over the shared struggles of cancer and their love for literature. They both embark on a journey to Amsterdam to find the author of “An Imperial Affliction”, Peter Van Houten, as Hazel desperately wants to know what happens at the end of the book. The trip is also where Hazel and Augustus start building their relationship.

By blending in the elements of humor, the novel explores how love can bring joy, even when facing difficult challenges or circumstances. It reminds readers to cherish the moments in life, no matter if there are imperfections. The measure of a “happy” life is not by length but by embracing the moments of connection, laughter and understanding that gives life meaning. Through the author’s raw and honest portrayal of patients with cancer, “The Fault in Our Stars” teaches readers the importance of knowing and exploring ""What is the meaning of life?"" ""What is love?,"" but no matter what challenges you face during this “journey”, make every connection and experience count.

A Dog's Purpose by W. Bruce Cameron
Image

A Dog's Purpose is a heartwarming story that follows a dog through several reincarnations with his owner, exploring the meaning of his existence as he forms deep bonds with different owners experiencing a wide range of lives. The story centres on the dog’s connection with a boy named Ethan and his family, as the dog is reborn into different breeds, each time growing closer to Ethan throughout his life. Readers would be able to witness and experience Ethan's life, from his childhood to his adulthood and success.

More than just the tale of a dog’s life, A Dog's Purpose explores the dog’s journey to understand human emotions and the true nature of his existence. In each of his lives, the dog strives to find his purpose while enriching the lives of the people he loves.

The dog’s unwavering faith in love and friendship shows the powerful, timeless connection between humans and their pets. Our pets cannot speak, but this story gently reminds readers of the of the quiet promises out pets make—to offer unconditional love, companionship, and loyalty, not only throughout their lives but, in some way, even beyond.

This story is incredibly soothing, heartwarming, and inspiring. Bailey's unwavering confidence and dedication, his ability to stay true to his purpose despite the numerous challenges he faces, offer a powerful reminder to never give up. Through this book, a valuable life lesson emerges: hold on to your dreams and persist, no matter the obstacles encountered. For anyone feeling unmotivated, struggling, stressed, or down, this story serves as a source of encouragement and strength, helping to navigate through difficult times.

The Hate of Women by Ueno Chizuko
Image

The Hate of Women by Ueno Chizuko is a book that provides a deep and detailed analysis of the challenges faced by women in modern society. This classic work is suitable for anyone interested in gender equality and social culture.

In the book, Ueno Chizuko employs a sharp and insightful approach to analyze the concept of misogyny from various perspectives and levels. Misogyny is presented as a cultural phenomenon prevalent in patriarchal societies, reflected not only in men's discrimination against women but also in women's self-denial. Ueno Chizuko discusses the issue from historical, social, and cultural angles, uncovering the deeper logic behind the phenomenon of misogyny.

Reading The Hate of Women offers a deeper understanding of women's position and struggles in society. The book provides a detailed analysis of the various issues women face, such as the constraints of traditional family values on women and gender discrimination in the workplace, giving readers a clearer insight into women's circumstances.

However, The Hate of Women is a purely theoretical work, and it may not engage readers in the same way as a novel. At times, it can feel somewhat dry. Yet, once immersed in the text, the profound ideas expressed by Ueno Chizuko are striking. Some of the concepts are deep, and certain sentences may require rereading to fully understand. Nevertheless, The Hate of Women is an outstanding sociological work, filled with unique perspectives and refreshing insights. After reading the book, the challenges discussed become more apparent—issues that are encountered in real life. Although the book focuses on Japanese society, its content remains relevant to the social realities in China. It is undeniably worth reading.

This book also provokes thought on gender equality. Through the analysis of misogyny, Ueno Chizuko calls for the dismantling of gender stereotypes and advocates for a fairer, more inclusive social environment.

The Hate of Women is a work of profound intellectual depth and social significance. It offers a unique perspective that reveals the truth behind gender inequality. For those seeking a deeper understanding of women's position in society and issues of gender equality, The Hate of Women is definitely worth reading!

Movie/s and Film/s Recommendation

The Seventh Seal

Image

The Seventh Seal was directed by Ingmar Bergman in 1957. A Swedish film set during the Plague in medieval Europe. A disillusioned knight, Antonius Block, returns from the Crusades who encounters “Death” personified. 

Death in this film is a character thus a name. In an attempt to delay his fate, Block challenges Death to a game of chess. During the game, the knight reflects on life’s meaning; mortality, fate, faith while traversing through a plague-ridden landscape. The knight then meets various characters including a group of traveling performers, a cynical squire and innocent villagers symbolizing different attitudes towards existence and human condition. 

From this classic film, lessons are taught upon us. The inevitability of death, death is an inescapable part of life its just the about the time left till it arrives, Antonius’s chess games symbolizes humanity’s struggle to delay or deny this inevitable truth. Secondly, is the search for meaning. Through Blocks existential crisis , the film explores deep philosophical questions about faith, existence and the search for meaning in a seemingly indifferent world. 

Lastly, the value of compassion and innocence. Simple acts of kindness and purity in certain characters are presented as sources of true meaning and hope amidst chaos. The Seventh Seal remains a powerful meditation on the mortality and the eternal quest for purpose.

Love Actually 

Image

This film is regarded by many as a Christmas must-have. It may not have the dramatic ups and downs typical of other movies because its plot is fragmented with multiple storylines, which might feel a bit scattered and at times, unreasonable. However, by the end, it manages to leave the viewer with a sense of warmth and emotional depth.

Love, as depicted in the film, is an emotion that can be blind and irrational, but it represents something pure, true, and beautiful. When love arrives, the characters in the film become simple, joyful, and passionate. Whether or not the love is reciprocated, its beauty remains undeniable.

The first shot and narration of the film are deeply moving. At the airport, people are seen smiling, kissing, and hugging.

""Whenever there is concern about the state of the world, the immigration gates at Heathrow come to mind. People often think the world is filled with hatred and greed, but this perspective is challenged. It is believed that love is everywhere, though it may not always be full of vigor and vitality, but love will always persist. Father and son, mother and daughter, husband and wife, boyfriend and girlfriend, old friends—when the plane hit the World Trade Center, the deathbed phone call wasn’t about revenge, but about love. Those who look closely will realize that love is all around.""

Set in London before Christmas, the film weaves together ten short stories about friendship, affection, and love. While each story is independent, they are also interwoven, showing how lives and emotions are connected in unexpected ways.

One of the most memorable stories is about a father (stepfather) who encourages his son to bravely express his feelings and share his love. This is a story that Chinese parents may relate to, as they often struggle with the so-called ""puppy love"" of their children. The little boy asks, ""Is there anything more serious than love?"" Ultimately, he confesses his love to the girl successfully. The courage and joy with which children approach love remind us that as they grow, the warmth of the sun will always follow their hearts.

ImageImage""",52,2,2,0,2025-1-1
43,"""玩物丧志吗？Can a Hobby Really Harm Your Success?""","""玩物丧志吗？Can a Hobby Really Harm Your Success?
Image

一个人过度沉迷于自己的爱好，而忽略了本职工作——我们一般将此行为称为“玩物丧志”。但有些爱好也可以玩出学问，比如这篇文章要介绍的折纸，就有着令人意想不到的作用。

When someone becomes overly obsessed with their hobbies, neglecting their responsibilities, we often label them as ""losing ambition to indulgence."" But some hobbies can lead to remarkable discoveries. Take origami, for instance—a practice with surprisingly profound applications, as this article will reveal.

什么是折纸？在我们的印象中，折纸是小时候的千纸鹤，玩具，或者东南西北这一类东西。但是这篇文章有可能颠覆你的认知。

To most of us, origami brings to mind childhood crafts like paper cranes, toys, or fortune tellers. But this perception might change entirely after you read this.

事实上，折纸是一门艺术，它可以飞上太空，甚至可以救人一命。

In reality, origami is an art form that can reach outer space and even save lives.

Image

折纸这种技艺已经存在了数百年。18世纪，折纸作为民间文化以人传人的形式在日本繁荣发展。直到20世纪，折纸艺术家创造了图解，这使得折纸可以通过图文的形式广泛传播。

Origami has been practiced for centuries. By the 18th century, it had flourished in Japan as a folk art passed down orally. It wasn’t until the 20th century that origami diagrams were invented, enabling the practice to spread globally through illustrations and texts.

然而，现代的折纸大师已经不满足于让折纸停留在折叠这个限制性的层面。

Modern origami masters, however, refuse to let origami remain confined to the act of folding paper.

一张正方形的纸，没有裁剪，没有粘贴，只有依靠双手的无数次折叠。

A single square sheet of paper—no cutting, no gluing, only countless folds crafted by skilled hands.

Image

以上这些折纸作品来自美国的Robert J Lang。它们看似不可思议，其实只是将数学运用的淋漓尽致。

These intricate works of Robert J. Lang, an American origami artist, may seem impossible, but they demonstrate how amazing mathematics is.

开始接触折纸时，Robert按照书籍上的指导去折。渐渐的，他尝试改进和创新。在这个过程中他经历了无数次失败，但他总会重新拿起一张纸，然后，不断做新的尝试。

When Robert first began folding paper, he followed instructions in books. Over time, he started to innovate, experimenting with new techniques. His journey was filled with countless failures, yet each time, he would pick up another sheet of paper and try again.

多年以来，有人说他“玩物丧志”，有人问他“折纸有什么用？”。然而，这些看似无用的东西，却有着出乎意料的作用。

Over the years, some accused him of “wasting time on frivolities.” Others asked, “What’s the point of your works?” Yet this seemingly pointless pursuit turned out to have astonishing applications.

Image

在工作的百忙之中，他仍然抽出时间坚持他的折纸爱好，更利用折纸技巧解决了生活中的很多实际问题。他协助NASA设计的太阳能板在旅途中折叠到仅有几米，并在太空中的目的地展开。他与一家德国的安全气囊公司合作，运用昆虫足部的折叠方法，解决了如何最大限度压缩气囊的问题。在医学方面，他曾与医药公司合作开发出能进入心脏的微小手术机器人，为手术医生解决了难题。

Amid his busy work life, Robert continued his passion for origami, even using it to solve practical problems. He helped NASA design solar panels that could fold down to a few meters for transport and then unfold in space. He collaborated with a German airbag company to use folding mechanisms that resembles insect legs to optimize airbag compression. In medicine, he worked with pharmaceutical companies to create tiny surgical robots capable of navigating the human heart, offering doctors revolutionary and helpful tools.

同样把折纸术应用到现实生活中的例子，还有一家医疗技术公司开发的可折叠的网状心脏支架，它可以先折叠起来，穿过狭小的空间植入人体，然后再展开形成圆柱形的支架。

Another example of origami-inspired innovation is the development of collapsible, mesh-like heart stents by a medical technology company. These stents can be folded to pass through narrow spaces in the human heart and then expanded into cylindrical shapes to provide support.

这些解决了实际问题的数学算法，最初只是用来完成折纸艺术作品的理论，但它们最终却和科技意外地结合起来。

The mathematical algorithms behind these solutions were initially developed for creating intricate origami art, yet they eventually found their way into groundbreaking technological advancements.

Image

有时候，看似无用的爱好，却有着出乎意料的作用。尽管这很反常识，但是如你所见，折纸甚至可以拯救人们的生命。

Sometimes, hobbies that appear useless can lead to surprising outcomes. As counterintuitive as it may seem, but just like origami — it can even save lives!

有些事情没有所谓的有用和所谓的意义——当你在这件事情上花费了时间，当这件事情丰富了你的人生，它就有了意义。

Meanings of things don’t always depend on wether they have an immediate, tangible benefit. If it brings you joy and enriches your life, then it holds meaning.

很多人说玩物丧志，却忘了玩物亦可养志。所以，你还在坚持你的爱好吗？如果还没有找到一个爱好，那就去寻找吧，去尝试！

While many criticize hobbies as distractions, they often forget that a hobby can also be motivations. So, are you still pursuing your passion? If not, it’s time to start searching and experimenting. Who knows where it might lead you?

Written By: Franny Guo

Edited and Translated By: Grace Cai
ImageImage""",118,8,5,2,2025-1-7
44,"""Movie Review: Along With the Gods""","""Movie Review: Along With the Gods
Image

Along With the Gods tells the story of a man who lived as a dedicated firefighter. After his death, he meets 3 gods who serve as his guardians in a series of trials, judged by another group of gods. Despite being known for his good deeds, the man, burdened by past mistakes, does not see himself as a paragon. His life is examined through trials of deceit, indolence, injustice, betrayal, violence, murder, and filial impiety. The gods guide him through these trials, offering him a chance at reincarnation if he succeeds. As the trials unfold, the reasons behind his choices and regrets are revealed. The film explores themes of morality, self-forgiveness, and the complexity of human nature, with the gods playing a crucial role in guiding the man toward redemption, understanding, and a deeper reflection on life’s moral struggles.

《与神同行》讲述了一个尽职尽业的消防员的故事。死后，他遇到了 3 位神，并在之后的试炼中担任他的守护神，但他同时也被别的神审判。尽管他因善举而闻名，但他仍承受着过去罪恶的煎熬，也不认为自己是一个好人。他将通过欺骗、懒惰、不公正、背叛、暴力、谋杀和孝顺的考验，并以此来审视他的一生。众神将会引领他进行这些考验，并在他成功后给予一个轮回的机会。随着审判的开始，他抉择和懊悔背后的原因被揭露。这部电影探讨了有关道德、自我宽恕和人性复杂的主题。而众神在引领人类走向救赎、理解和对人生道德斗争的深入反思中起至关重要的作用。

Image

""I'm a bad person"" 

“我是坏人”
- Kim Ja-hong
Sometimes, it’s all too easy for us to judge people. When we see someone do something bad, such as stealing money or cheating on an exam, we immediately assume that since they have committed a crime, they are therefore bad people. But I believe there is no pure good or evil in this world. People may do bad things with good intentions, or even good things with bad intentions. What we see isn’t always everything; there’s always something that goes beyond people’s actions. The movie illustrates that the positive value of good intentions can be greater than the harm of bad actions. And the main character’s story unfolds like that. He is first presented as a paragon, someone who has done many good deeds in life, yet he never considered himself as one. 

有时，我们会太过片面地去评价一个人。当我们看到有人在做坏事，如盗窃财务或考试作弊时，回想当然地把他们假设为既定犯，并定义为坏人。但我相信这并不是一个非黑即白，正邪不两立的世界。人们可能会好心办坏事；或者想做坏事却适得其反。我们所看见的并不总时全部；人们的行为总有一些引申意。这部电影说明了善良的动机可能比恶来的更加可怕。主角的故事便是如此展开。他最初被认为是个一生中做过许多好事的好人，可他自己却从不这么认为。

Image

""I didn't want to be a hero. I just wanted to do what I had to do.""

“我不想成为救赎，我只是想尽我的应尽之责。”
- Kim Ja-hong

As the trials progress, we learn more about the life he lived and the kind of person he truly is. Each trial reveals his sins, leading us to believe that he has done many bad things, but what makes him different from the true sinners is that he had good intentions for all the bad things he has done. The judges of the trials were quick to assume that because he did something bad, he should be punished for it. But his guardians defend him by revealing his reasons, intentions, and positive outcomes of what seemed to be bad. It interestingly discusses issues such as life choices and their outcomes. The life of the main character unfolds as he progresses through each trial, revealing to us why he thinks so badly of himself and why he should forgive himself, further proving that he really is a good person.

随着审判的进行，我们逐渐揭开他的生活和他真正的身份。每一次试炼都揭示了他的罪，也让我们相信他犯下了许多罪恶，但把他与真正的罪人区分开来的是，他所有罪恶的起源都是善意。审判的法官很快便下定了结论，他坏事做尽，他因受惩罚。但他的守护神通过展示这些罪恶背后的原因、意图和积极的结果来为他辩护。它有趣地讨论了有关人生的选择及最终的结果。主角的一生随着每次审判的进展而展开，向我们阐明了他持续批判自己的和应宽恕自己原因，也进一步证明他真的是一个好人。

Image

""It's not about being a good person or a bad person. It's about whether you understand your own actions.""

“这并不在于成为一个好人或坏人，而在于与自己行为和解。”
- Gangrim (the cheif guardian god)

This movie made me look back on my life and the choices I’ve made throughout my journey. The trials the main character went through also reminded me of the sins I have committed in my life. It made me feel bad, regret my actions, and blame myself for the things I have done. But at the end of the movie, I realized that the purpose of the trials isn’t to punish or to remind us of our sins, but to give us a chance to repent and seek redemption for what we have done. It gives us a chance to defend ourselves and find value in the good things we have done. Sometimes, we may think that we aren’t a good person and that we may not be living a good life. But this movie has served as a reminder to forgive ourselves the way we forgive others. Because our bad deeds don’t define us, they may just be masks of our good intentions. Although people don’t see these good intentions, as long as we keep them in mind, we can forgive ourselves and move on with our lives.

这部电影让我回忆起了自己的一生和在这场旅途中做出的选择。主角所经历的考验也让我回忆起了一生中所犯下的罪恶。这让我感觉很糟糕，也对自己的行为感到懊悔和自责。但在电影的结尾，我意识到试炼的目的不是为了惩罚或提醒我们的罪，而是给我们一个机会来悔改并为我们所做的一切寻求救赎。它让我们有机会保护自己，并从我们的善举汲取价值。有时，我们可能会认为我们不是一个好人，我们可能不应有好的一生。但这部电影提醒我们在恕人的同时，也应恕己。罪恶并不应束缚我们，那这只是我们善意的面具。虽然这些善意并不被察觉，但只要我们牢记它们，便可以原谅自己并继续生活。

Image

""You must face your sins, but you must also acknowledge the good you've done. It's the only way to move forward.""

“你应直面你的罪恶，也应承认你的善举。这是前行的唯一途径。”

- Gangrim (the chief guardian god)
Another theme that this movie highlighted was the importance of expressing feelings, especially to our family. Our traditional culture and society make us used to keeping our deepest thoughts and feelings from our loved ones when they’re the ones we’re supposed to share them with. Because we “love them so much,” we don’t want them to worry or care too much about us.  But in fact, what we need from each other isn’t protection from the truth, but the truest form of our feelings. Only deep communication with our family brings us together and ties us for a lifetime. 

这部电影所强调的另一个主题是情感表达的重要性，尤其是对我们的家庭。我们的传统文化和社会，让我们习惯于将本该与最深切的亲人分享的想法和感受深埋于心。因为我们 “爱之深”，所以不希望他们的“心之切”。 但事实上，我们并不应该屏蔽自己的真实想法，而应展示我们最真实的情感。只有与家人深入交流，才能让我们走到一起，联系在一起。

Image

""I'm sorry I didn't tell you how much I loved you. I thought you would understand.""

""很抱歉没有告诉你，我有多爱你。我以为你会明白。”
- Kim Ja-hong's father
Recently I’ve learned from an experience the importance of “沟通”. Although our emotions drive us to run away from situations and pretend nothing happened, it’s actually easier to express our concerns and communicate our way to finding solutions to the problem. Running away doesn’t change anything, and keeping quiet worsens the situation. We should all learn to take some time to talk to our loved ones and express our true feelings and concerns, further strengthening our bonds and showing our love for them.

最近，我从一次经历中学到了“沟通”的重要性。尽管我们的情绪驱使着我们逃避各种问题并假装无事发生，但实际上通过表达我们的担忧并传达我们正在寻找问题的解决方案会是一个更简单的方法。逃跑并不会改变任何事情，保持沉默会只使情况恶化。我们都应该学会花一些时间与我们所爱的人交谈，表达我们的真实感受和担忧，进一步加强我们的联系并表达我们对他们的爱。

I really hope you can watch this movie with your family, as you all watch the slow reveal of the main character’s backstory. The beginning of the movie will make you look back on your life and experiences, and each trial will remind you of your choices and their consequences. The end will make you recall your memories with your family, highlighting a meaningful life. After watching the movie, I hope you can express your deepest thoughts and feelings about the movie with your family. Let them know how you feel after watching it, and express to them how much you love them. Because our life isn’t a movie that ends after the credits, it goes on as long as we live. This movie shows us how life, in general, is too short for us to hold on to sins and escape harmful situations, but it is long enough for us to redeem ourselves and express our love to our loved ones.

我真诚的希望你能和家人一起看这部电影，你们都将看着主角背景故事的被慢慢揭示。电影的开头会让你回顾自己的一生和过往，每一次审判都会让你审视自己的抉择和后果。结尾会让你回想起与家人的记忆，突显生活的意义。看完电影后，希望你能和家人一起表达你对这部电影最深切的想法和感受。让他们知道你看完后的想法，向他们表达你有多爱他们。因为我们的生活并不是一部在演职员表之后就结束的电影，只要我们还活着，它就会继续。这部电影向我们说明了，生命之短，短到我们无法承受罪恶和逃避的后果；生命之长，长到让我们可以自我救赎并向所爱之人表达我们的爱意。

Written By: Jamila Gapuz

Edited By: William Chen

Translated By: Zeyuan Wu

ImageImage""",106,5,6,3,2025-1-10
45,"""不管宇航员再聪明，到了太空都会变笨?""","""不管宇航员再聪明，到了太空都会变笨？
Image

许多进入太空的宇航员都是地球上最聪明的人。然而，美国国家航空航天局的一项新研究发现了太空旅行的一个令人惊讶的影响——它实际上可能会减慢人类大脑的速度。与你所期望的相反，研究人员发现，当太空旅行者绕地球运行时，他们会经历一些暂时的思维减速，包括处理信息的速度变慢，注意力和记忆力出现困难。

Many astronauts who venture into space are among the brightest minds on Earth. However, a surprising finding from NASA’s latest research suggests that space travel might actually slow down brain function. Contrary to expectations, researchers discovered that space travelers experience temporary cognitive slowdowns while orbiting Earth. These include slower information processing, difficulties with attention, and memory lapses.

幸运的是，这项研究还发现，在太空中呆上几个月并不会永久性地扰乱宇航员的认知能力。他们的整体大脑表现仍然非常有弹性。这项研究调查了25名专业宇航员，他们平均在国际空间站（ISS）呆了6个月。科学家们通过一系列严格的测试来追踪他们的认知表现，这些测试旨在衡量从处理速度到记忆力和注意力的一切。

The good news? Spending months in space doesn’t cause permanent damage to astronauts’ cognitive abilities. Their overall brain performance remains remarkably resilient. The study involved 25 professional astronauts who spent an average of six months aboard the International Space Station (ISS). Scientists tracked their cognitive performance through rigorous tests designed to measure everything from processing speed to memory and attention.

“我们发现，在ISS呆6个月的宇航员没有任何明显的认知障碍或神经退行性衰退的证据，”该研究的首席研究员希娜德夫博士在一次媒体发布会上解释说。

Dr. Sinead Dev, the study’s lead researcher, explained during a media briefing: “We found no evidence of significant cognitive impairment or neurodegenerative decline in astronauts after spending six months on the ISS.”

那么到底发生了什么变化呢？你可以把它想象成你的大脑在“低功耗模式”下运行。宇航员完成任务的准确度和在地球上一样，但他们处理信息的时间稍长一些。处理速度、工作记忆和注意力是受影响最大的认知领域——类似于你在压力大、睡眠不足的一天后的感觉。

Imagine your brain operating in “low-power mode.” While astronauts maintain the same accuracy when completing tasks as they do on Earth, they take slightly longer to process information. The most affected cognitive areas include processing speed, working memory, and attention—similar to how you might feel after a stressful, sleepless day.

最有趣的发现是大脑适应的速度有多快。一些表现变化，比如注意力持续时间变慢，只有在任务初期才会被注意到。其他一些变化，比如处理速度下降，在宇航员返回地球后需要更长的时间才能恢复正常。

Interestingly, the brain’s adaptability is striking. Some changes, like slower attention spans, were only noticeable during the initial stages of a mission. Other changes, such as reduced processing speed, took longer to return to normal after astronauts returned to Earth.

这些见解不仅仅是科学上的好奇心。随着人类将目光投降雄心勃勃的月球和火星任务，了解人类大脑如何对极端环境作出反应变得至关重要。这项研究为未来的太空探险者提供了一个基线，帮助任务规划者预测和减轻潜在的认知挑战。

These findings are more than a scientific curiosity. As humanity sets its sights on ambitious lunar and Martian missions, understanding how the human brain responds to extreme environments becomes critical. This research provides a baseline to help mission planners anticipate and mitigate potential cognitive challenges.

德夫博士指出了一个重要的警告：这项研究并没有调查这些轻微的认知变化是否正的影响了宇航员在太空中完成工作的能力。研究人员说：“即使在观察到认知能力下降的地区，宇航员仍然能够补偿并有效的完成任务。”

Dr. Dev emphasized a crucial point: the study didn’t assess whether these minor cognitive changes impacted astronauts’ ability to perform their duties. She noted: “Even in areas where cognitive decline was observed, astronauts were able to compensate and complete their tasks effectively.”

这项研究突出了人类大脑令人难以置信的适应性。尽管辐射、重力改变、睡眠中断，以及生活在离家数百英里的密闭空间中的心理压力，我们的认知能力仍然非常稳定。

Despite the radiation, altered gravity, disrupted sleep, and psychological stress of living hundreds of miles away from home in confined spaces, our cognitive abilities remain astonishingly stable.

对于有抱负的宇航员和太空爱好者来说，传递的信息是明确的：人类的大脑比我们想象的要有弹性得多。我们的大脑可以适应看起来完全陌生的环境，即使被推到非同寻常的极限，它也能以令人印象深刻的精度继续运作。

For aspiring astronauts and space enthusiasts, the takeaway is clear: the human brain is far more resilient than we imagine. It can adapt to environments that seem entirely alien, maintaining impressive functionality even when pushed to extraordinary limits.

Written By: Christine Liu

Edited and Translated By: Alina Shi
ImageImage""",47,2,1,0,2025-1-14
46,"""被优绩主义困住的我们 Trapped by Meritocracy""","""被优绩主义困住的我们 Trapped by Meritocracy
Image

“你成绩不好就是因为你不够努力。”

""The reason your grades are poor is because you're not working hard enough.""

在我的记忆中，这句话几乎伴随了我过去将近一半的人生。如今，“努力”似乎成为了一切问题的答案——“你想获得财富？”“那就去努力吧。”“你希望实现梦想？”“那也去努力吧。”社会承诺我们“只要努力，就能成功。”但这种理想状态下完全公平的竞争几乎不可能存在，我们的家庭背景，生活环境，基因，甚至性别都会成为影响竞争的因素。但如果忽略这一系列的因素，让起点不同的人们奔跑向同一个终点，且根据到达终点的时间来划分阶级与财富，这个比赛注定是不公平的，这个例子就是当代优绩主义的体现。

In my memory, this sentence has accompanied almost half of my life. Nowadays, ""effort"" seems to be the answer to all problems—""Do you want to achieve wealth?"" ""Then just work hard."" ""Do you want to fulfill your dreams?"" ""Work hard for that too."" Society promises us that ""as long as you work hard, you will succeed."" But this ideal state of completely fair competition is almost impossible to achieve. Our family background, living environment, genes, and even gender all become factors influencing competition. If we ignore these factors and make people with different starting points race toward the same finish line, and then divide the classes and wealth based on the time it takes to reach the finish, this race is destined to be unfair. This example is a reflection of contemporary meritocracy.

Image

优绩主义是指社会与经济的奖赏应当依据才能、努力和成就这些“优绩”来决定。优绩主义在历史进程中，曾经对弱势社会阶层的上升起过巨大的促进作用，并不应该完全作为被批判的对象。而这些“优绩”在当今却转化为了过于僵化的评判标准 ，比如学业成绩。最近浙江大学公众号发表的一篇文章把这个问题推上了风口浪尖，“24/67656，他们拿下浙大最高层次奖学金”—— 一个简单的分数其实也把社会暗流中的阶级关系摆上了台面，竞争固然是残酷的，但其中渐渐消失的人文关怀却是更加可怕的，一颗颗闪耀的星辰却被学校当作那只为了用来衬托的分母，如果我们的价值在优绩主义的系统中被忽视，那我们怎么还有勇气去做梦，去追求自己的梦想呢。

Meritocracy refers to the idea that social and economic rewards should be determined based on talent, effort, and achievement—these ""merits."" Throughout history, meritocracy has played a significant role in promoting the upward mobility of disadvantaged social classes and should not be entirely dismissed or criticized. However, these ""merits"" have now transformed into overly rigid standards of evaluation, such as academic performance. A recent article published on Zhejiang University’s official WeChat account brought this issue to the forefront: ""24/67656, they won the highest-level scholarship at Zhejiang University."" A simple number actually exposes the class relationships lurking beneath the surface of society. While competition is undeniably harsh, what is even more frightening is the gradual disappearance of humanistic concern. Shining stars are treated by the university as mere divisors to serve as a backdrop. If our value is overlooked within the system of meritocracy, how can we still have the courage to dream and pursue our aspirations?

因为这个困扰了我许久的问题，我也询问了我身边的同学对优绩主义的看法，但到最后采访都会陷入某种沉默，与这种体制，或者我更愿意称之为一种处境相比，我们的声音太渺小，我们也不敢用自己的人生作为赌注。但就像所有的自由都是相对的自由，究竟有什么是我们能做的，让身处其中的我们认可自己那不被看到的努力与被束缚住的价值。

Because this troubling issue has been on my mind for quite a while, I asked my classmates about their views on meritocracy. However, the interviews always ended up in a kind of silence. Compared to this system, or what I prefer to call a situation, our voices are too small. We also don’t dare to stake our lives on it. But just like all freedoms are relative, what, in the end, can we do to help us—those who are trapped within this system—recognize our unacknowledged efforts and the value that is constrained?

Image

美国心理学家霍华德加德纳提出了一个“多元智能理论”，他主张将人类智能划分成不同的智力成分，而不是定义为单一的，一般的能力。其实我们每一个人都可以在其中找到自己擅长，或者说比较感兴趣的领域，这就是我们所说的热爱。热爱也许并不能够抵御一切的外界的质疑和自我怀疑，但至少它可以让我们的努力更有方向一点，能让我们更容易看到自己的进步，从而对自己多一点认可和鼓励，让我们看到自己的价值。也许热爱的作用在当下微乎其微，它就像你一直揣在口袋的那颗糖，也许你有时会忽视它的存在，但当你觉得一切都不会变好的时候，它就是那刻彻底的黑暗中中的唯一一点光亮。

American psychologist Howard Gardner proposed the theory of ""Multiple Intelligences,"" suggesting that human intelligence should not be defined as a single, general ability but rather be divided into distinct components. In fact, each of us can find an area in which we excel or, perhaps more accurately, one that we are passionate about. This is what we call love or passion. Passion may not be able to fend off all external doubts and self-doubt, but at the very least, it can give our efforts a sense of direction, making it easier to see our progress and offer ourselves more recognition and encouragement, thus helping us recognize our own value. Perhaps the role of passion seems minimal in today's world; it’s like a piece of candy you keep in your pocket. Sometimes, you may forget it's there. But when you feel that nothing will ever improve, that small piece of candy becomes the only light in the midst of complete darkness.

最后，希望所有人都能心怀自己的热爱，不论在何时何处，不论我们走向的是光明还是黑暗。  

In the end, I hope everyone can carry their passion in their hearts, no matter when or where, whether we are walking towards light or darkness.

Written By: Cathy Zheng

Edited and Translated By: Jenny Huang
ImageImage""",248,27,20,8,2025-1-17
47,"""Life is Soup and I’m a Fork""","""Life is Soup and I’m a Fork
Image

Life is soup. It’s uncontrollable, unpredictable, and sometimes a little too hot to handle. And here I am, a fork, trying to navigate and control the liquid chaos. You may think I’m the wrong tool for the job, but isn’t that the beauty of it? 

生活如汤。它是不可控制的、无法预测的，有时候还会烫得让人难以招架。而我呢，就像一把叉子，试图驾驭并控制这片液体的混乱。你可能会觉得，我是个不适合的工具，但这不正是它的美妙之处吗？

Have you ever tried eating soup with a fork? If not, you can probably imagine how absurd and frustrating it would be. You can only do so much with the fork as it struggles to scoop the soup and spills the liquid everywhere. Similarly, we often try to control what’s inherently uncontrollable, attempting to fix messy situations because we think we can get them under control. 

你有没有试过用叉子喝汤？如果没有，你可能可以想象那会有多荒唐和让人沮丧。一把叉子能做的很有限，它努力想舀起汤，却总是洒得到处都是。同样地，我们经常试图控制那些本质上无法控制的事物，试图去修复混乱的状况，因为我们以为自己能够掌控一切。

Image

Life has a way of throwing unexpected challenges at us. We make plans, set goals, and expect a smooth, easy path, but like a bowl of soup, life is rarely stable and perfect. It’s messy, emotional, and full of surprises. Some days it’s hot, other days cold, sometimes too salty, and occasionally too bland. No amount of planning can change that, and that’s just the nature of life.

生活总是会向我们抛来意想不到的挑战。我们制定计划，设定目标，期待一条顺畅、平坦的道路，但生活就像一碗汤，几乎从不稳定或完美。它是混乱的，情绪化的，充满了意外。有时是热的，有时是冷的，有时太咸，有时又太淡。再多的计划都无法改变这一点，而这正是生活的本质。

Even though chaos and unpredictability are natural, we still try to impose control. We stick to rigid schedules, strive to maintain a flawless image, and meticulously plan every move in an effort to achieve perfection. We convince ourselves that if we make enough decisions, plan enough steps and control enough variables, we can master everything. But in doing so, we miss the entire point.

即便混乱和不可预测是自然的，我们仍然试图强加控制。我们坚持严格的日程安排，努力维持完美的形象，精心计划每一步，力求达到完美。我们相信，如果做出足够多的决定，规划足够多的步骤，并控制足够多的变量，就可以掌控一切。但这样做的结果，是让我们错过了生活的真谛。

Image

The more we try to control every detail, every variable, and every event, the more we strip away the richness of life. There is something beautiful about life’s messiness and simply existing within it. When we stop trying to control everything, we allow space for impulsiveness, growth, and even failure. It is through the mess that we learn, adapt, and build resilience. By letting go of our need for control, we open ourselves to experiencing life as it truly is, not how we wish it would be or could have been. 

我们越是试图控制每个细节、每个变量、每个事件，就越是剥夺了生活的丰富多彩。生活的混乱和仅仅存在其中本身就是一种美。当我们停止尝试控制一切时，就为冲动、成长，甚至失败留下了空间。正是在混乱中，我们学会了适应、成长，并建立起韧性。当我们放下对控制的执念时，我们才能真正地体验生活，感受到它的本来面貌，而不是它应该是或我们希望它成为的样子。

Finally, the metaphor of using a fork to eat soup is about relinquishing the urge to control every aspect of life. It’s about realizing that sometimes the perfect tool for the job doesn’t exist, leaving us with a choice: fight against the reality of the situation or embrace and learn from it. The real lesson isn’t about making the fork work in the soup. The real lesson is that life, with all its messiness, is perfectly fine as it is. And so are we.

最后，用叉子喝汤的比喻，是关于放弃对生活每个方面的控制欲。这是在提醒我们，有时候根本不存在所谓的完美工具，这让我们面临一个选择：要么与现实对抗，要么接纳并从中学习。真正的意义不在于让叉子在汤中派上用场，而在于明白，生活的混乱和不完美本身就是一种美好。而我们，也一样。

Image

This article was inspired by 'Forky' from Toy Story. Forky started off as an insecure fork who was unsure of his place in life. He struggled to find his purpose as he always thought of himself as 'trash' and repeatedly tried to throw himself away. However, as he faced several challenges and experienced more of life, he began to embrace life and its messiness. He realized he didn't need to perfect or be like the other toys to have value.

这篇文章的灵感来源于《玩具总动员》中的“叉奇”。叉奇一开始是一个不自信的小叉子，对自己在生活中的定位感到迷茫。他总是认为自己是“垃圾”，不断试图把自己丢掉。然而，随着他经历了许多挑战并感受了更多生活的意义，他开始接受生活及其混乱的不完美。他明白了，他不需要变得完美，也不需要像其他玩具一样，才能拥有自己的价值。

Written By: Sachiko Ting

Edited and Translated By: Angela Shi

ImageImage""",168,11,10,5,2025-1-21
48,"""Sleep and Dreams""","""Sleep and Dreams
Image

Have you ever had an experience that environmental information occurring simultaneously with sleeping relates to your dream content? For instance, if your friends chat while you are sleeping, your dream content might be similar to that scene. In this article, sleep stages, the factors determining sleep content, the question above and the purposes of dreams will be explained.

你是否有过这样的经历，即睡觉时同时出现的环境信息与你的梦境内容有关？例如，如果你的朋友在你睡觉时聊天，你的梦境内容可能会与那个场景相似。本文将解释睡眠阶段、决定睡眠内容的因素、上述问题以及梦的目的。

What stages are included during sleeping? 睡眠包括哪些阶段？

Basically, there are five distinct categories of sleep stages. People who enter the first two stages can be woken easily, while stages 3 and 4 become deeper. The final stage is called “the rapid-eye movement (REM)” sleep. This is when eye movement, low muscle tone, and dreams take place. On the other hand, the first four stages are non-rapid eye movement (non-REM) sleep.

睡眠阶段基本上分为五个不同的类别。进入前两个阶段的人很容易被唤醒，而第三和第四阶段则会变得更加深沉。最后一个阶段被称为 “快速眼动（REM）”睡眠。在这一阶段，眼球运动、低肌肉张力和做梦都会发生。另一方面，前四个阶段为非快速眼动（非快速眼动）睡眠。

When people fall asleep, they enter stage 1 first before moving to stages 2-4. Thereafter, the lighter stages of non-REM sleep reoccur without entering stage 1, and then the REM sleep takes place.

人们入睡时，首先进入第一阶段，然后进入第二至第四阶段。此后，非快速眼动睡眠的较轻阶段会再次出现，但不会进入第 1 阶段，然后进入快速眼动睡眠。

What determines our sleep content? 是什么决定了我们的睡眠内容？

Our dreams tend to be similar to daily activities. For example, after experiencing a trauma, people are likely to have nightmares (Levin and Nielsen, 2007, 2009). More interestingly, our brain continues to track the environment around us while sleeping. This means that sensory stimuli, any environmental information that can be received by senses, and can be responded to, might be involved in our dreams. An example of this is an experiment from Dement and Wolpert 1958. The researchers splashed cold water on participants’ faces, leading them to dreaming about a waterfall. Furthermore, any events that happened 5 minutes before sleeping are lost from memory. This answers why people who awaken briefly cannot remember their dream in the morning.

我们的梦往往与日常活动相似。例如，经历创伤后，人们很可能会做噩梦（莱文和尼尔森，2007 年，2009 年）。更有趣的是，我们的大脑在睡眠时会继续追踪周围的环境。这意味着感官刺激，即任何可以通过感官接收并做出反应的环境信息，都有可能参与我们的梦境。Dement 和 Wolpert 1958 年的一项实验就是一个例子。研究人员向参与者的脸上泼冷水，导致他们梦见瀑布。此外，睡前 5 分钟发生的任何事件都会从记忆中消失。这就解释了为什么短暂惊醒的人在早上记不起自己的梦。

What are the roles of dreams? 梦有哪些作用？

• Consolidating memory: A theory suggested that dreams help to store important memories, while sorting out unimportant memories.

巩固记忆： 一种理论认为，梦有助于储存重要记忆，同时整理不重要的记忆。

• Physiological function: The brain activities during REM sleep develop and preserve our neural pathways.

生理功能： 快速眼动睡眠期间的大脑活动发展并保存了我们的神经通路。

• Dealing threats: Amygdala, the fear processing site, is active during REM sleep. This indicates that dreams may help you to face threats.

应对威胁： 杏仁核是处理恐惧的部位，在快速动眼期睡眠中十分活跃。这表明梦可以帮助你面对威胁。

• Satisfying our wishes.
满足我们的愿望。

Written By: James Chen

Edited and Translated By: Sarah Xu
ImageImage""",55,5,4,0,2025-1-24
49,"""恭喜发财，红包拿来！""","""恭喜发财，红包拿来！
Image

As the Spring Festival approaches, it’s a great time to revisit the traditions and customs of this important celebration. But how well do we know them?

随着春节的到来，这是一个重温这一重要节日传统与习俗的好时机。但我们对这些习俗了解多少呢？

Most of us know that the date of this special day changes each year, but why? The answer lies in the traditional Chinese calendar, known as the ""lunar"" or ""lunisolar calendar."" Chinese New Year's Eve usually falls on the second new moon after the winter solstice. Seeing some unfamiliar terms? Let’s dive into this ancient timekeeping system!

大多数人都知道春节的日期每年都不一样，但为什么会这样呢？答案在于中国传统历法——“阴历”或“阴阳历”。中国农历新年通常落在冬至后的第二个新月。看到一些不熟悉的术语了吗？让我们一起探索这一古老的时间测量系统吧！

Image

The term ""lunisolar"" means the calendar considers both the moon and sun. The solar cycle is simply the Earth’s orbit around the Sun, marking a ""year"" (365 days). The moon's cycle defines a ""month,"" representing the period when the moon is between the Earth and the Sun, making it invisible from Earth, roughly every 29.5 days. Therefore, months are 29 or 30 days long, depending on the moon's phases. The first day of the month, or new moon, ""Shuo,"" is when the moon’s dark side faces Earth, and the full moon is ""Wang."" Therefore, New Year's Eve can fall on the 29th or 30th. Also, a lunar eclipse and a new moon are different! In a lunar eclipse, the moon is in Earth’s shadow. In a new moon, the moon’s dark side faces Earth. During most months, the moon is still slightly visible during these times. This is because of the moon’s 5-degree orbital tilt which doesn’t always allow it to align perfectly with the Sun. So, when the New Year is close, remember to look up at night and see if you can spot the moon!

“阴阳历”这一术语意味着日历同时考虑了月亮和太阳的周期。太阳周期就是地球围绕太阳运行一圈，标志着一个“年”（365天）；而月亮周期定义了一个“月”，即月亮位于地球和太阳之间，从地球上看不到的这段时间，约每29.5天一次。因此，阴阳历的月份为29或30天，取决于月亮的变化——“朔”，即新月，是月亮暗面朝向地球的那天，“望”是满月。因而，除夕夜有时是二十九，有时是三十，虽然通常称为“大年三十”，闽南话中也有“二九夜”的说法。而且，月食和新月是不同的！月食是月亮进入地球的影子，而新月是月亮背向地球的黑暗一面面向地球。在大多数月份中，月亮在这段时间里仍可见一部分，这是因为月亮的轨道有5度倾角，不总是与太阳完美对齐。所以，当新年快到的时候，记得抬头看看夜空，试着找到月亮！

Image

The Chinese calendar is rooted in the theory of Yin and Yang, one of the oldest and most fundamental Chinese philosophies, which suggests that everything in the universe consists of two opposite but complementary forces. It was applied to various aspects of life, ranging from gender to landscape changes, including the calendar. The two solstices—the winter solstice around December 21st, marking the longest night and the shift from Yin (dark and cold) to Yang (light and warmth)—symbolize the balance emphasized in the theory. The ancients believed that combining both the moon (Yin) and the sun (Yang) would produce a reliable calendar.

中国历法的基础是阴阳理论，这是中国最古老、最基本的哲学之一，认为宇宙中的一切由两种对立却又互补的力量组成。这一理论应用于生活的方方面面，从性别到地貌变化，当然也包括历法。冬至——大约在每年12月21日，是一年中夜晚最长的一天，象征着从阴（黑暗与寒冷）到阳（光明与温暖）的转变，体现了阴阳平衡的哲学。古人相信，将月亮（阴）和太阳（阳）结合在一起，可以制定出一个可靠的日历。

Image

Although the winter solstice and new moon are determinants, Chinese New Year doesn’t fall exactly 58 days (2*29.5) after December 21st or 22nd. Instead, it occurs between January 21st and February 20th. This occurs because the lunar year (354 days) is 11 days shorter than the solar year (365 days). To correct this, an extra month called an intercalary month is added every 2-3 years, making Chinese New Year with the longest night in the northern hemisphere, when the sun is directly over the Tropic of Capricorn.

尽管冬至和新月是关键因素，但中国新年并非总是落在12月21日或22日后整整58天（29.5×2）的时候，而是落在1月21日到2月20日之间。这是因为阴历年（354天）比阳历年（365天）短11天。为了调整这差距，每隔2到3年会加入一个闰月，从而使春节与北半球最长的夜晚——太阳直射南回归线的时间一致。

Image

To find the exact date of Spring Festival in the Gregorian calendar, subtract 11 days from the same date in the next solar year. If the result is before January 21st, add 29.5 days for an intercalary month. For example, this year it’s January 29th. Next year, subtract 11 from 29, resulting in 18. Since that’s before January 21st, add 29.5 days, giving us February 17th.

要确定公历中春节的具体日期，可以从下一年的同一天减去11天。如果结果在1月21日之前，则加上29.5天代表一个闰月。例如，今年的春节是1月29日。明年，29减去11等于18。因为1月18早于1月21日，所以再加29.5天，得出2月17日。

But the festival isn’t just about astronomy, history and math—it’s rooted in fascinating legends. We all know the story of Nian, the lion-like monster that raided villages, only to be scared away by red decorations and firecrackers. But where did Nian go after disappearing from sight?

当然了，这个节日不仅仅与天文学、历史和数学有关——它更根植于那些有趣的传说当中。我们都知道“年”，这头凶兽每到新年之夜就会闯入村庄里吃人并大肆破坏，最终人们发现了它的弱点——红色，巨响与火光，并以此赶跑了它，从此它再没出现过。但你有没有好奇过，在这之后，它去了哪里呢？

Image

One version of the myth suggests that it was Hongjun Laozu, the ""Great Primal Ancestor,"" who captured Nian and taught villagers strategies to defeat it. It is said, he came to the village the night before Nian came,  disguised as an old beggar, and hid in the house of an old kind lady who provided him food and shelter. When Nian came, it saw the bright candlelight and red paper decorations on the cottage. Enraged, Nian roared at the house, ripped the paper and smashed the doors, but was met by a laughing elderly with firecrackers in hand. After that, Nian became his companion, following him wherever he went.

有个传说是这样讲的：一年除夕，村民们正要撤出村落以避年之祸乱，却见村外来了个状似乞丐的老人，只见他手拄拐杖，臂搭袋囊，银须飘逸，目若朗星。有位老婆婆好心，给他食物，让他住宿，可她毕竟不相信这位老爷爷能打败年，便也离开了。半夜时分，年闯进村中，却见一片寂静，只有那老婆婆屋内烛火通明，门贴大红纸。年朝那家怒视片刻，随即咆哮着扑过去，这时，那贴满红纸的两扇门大开，只见院内一位身披红袍的老人正哈哈大笑，屋内红烛燃的正旺，竹子炸的满地响。据说，年兽由此就被这位老人收服了，而这位老人就是鸿钧老祖，年兽也并就此成为了他的坐骑。

Image

Hongjun Laozu was no ordinary figure. His name means ""the universe before the separation of Heaven and Earth,"" and he is believed to have created the world from chaos. He is featured in the famous Ming dynasty work Fengshen Yanyi (The Investiture of the Gods), which tells a story involving supernatural beings and humans. Laozu is the eldest of the four beings created by the Spirit of Creation – a very powerful being,  and some even worship him as the ""principle behind the universe.""

这位鸿钧老祖可是位大人物，他的名字“鸿钧”即“混元”，代表着天地未开、虚空未分之际的宇宙本始状态，传说中更是他将天地从混沌中化来。而鸿钧老祖有文字记载的首次登场，还要属明朝文学作品《封神演义》。在其中，他是太上老君，元始天尊和通天教主的师父，道行深厚，被尊为道祖。

However, Nian isn't the only mythical beast associated with the Spring Festival. Another lesser-known monster, Xi, with green scales and a large thorn, was also scared away by firecrackers. Some say this is why New Year’s Eve is called ""Chu Xi"" in Chinese, meaning ""to eliminate Xi."" 

但话又说回来，“年”也并非民间传说中唯一一只会在春节之际跑到人间作乱的怪兽。 除夕夜还有一只一角四足，形貌狰狞，生性凶残，浑身绿盈盈的恶兽——夕，常到附近的村庄里去找吃的。同样，它的弱点与年相同，也因此被逼退。除夕除夕，由此便有了除掉“夕”这只怪兽的意思。

Image

There's also the story of the little ghost Sui with a black body and white hands, who would curse children on New Year’s Eve by patting their foreheads three times while they slept. To prevent this, people would stay awake all night. One family, however, gave their son eight coins wrapped in paper to keep him awake, and it turned out the coins acted as an amulet against Sui! This led to the tradition of giving red packets, or ""Ya Sui Qian,"" which means ""money that suppresses Sui.""

不仅如此，传说古时候还有个身黑手白的小妖，叫做祟，每年年三十夜里出来，在小孩的头上摸三下，孩子就会生病发烧。人们为了保护自己的孩子，只得点亮灯火熬夜不睡，为“守祟”，后来就传为“守岁”了；后来有一对夫妇想了个法子，为了不让孩子睡觉就用红纸包了八枚铜钱让孩子玩儿，尽管孩子还是睡着了，就在祟要摸他头时，那纸包着的铜币却发出一道金光，祟于是尖叫着逃跑了。后来大家就都效仿开来，用红纸包上八个铜钱给孩子，以祈求平安，这就是“压祟钱”，即“压岁钱”的典故。

Image

So here’s what I want to share with you all: the science behind the date of Chinese New Year, and the mythology passed down through generations by word of mouth. While the former is based on facts, the latter is full of variations, but they’re all stories my grandparents would talk about with great enthusiasm. 

所以，我想和大家分享的是：一方面，春节日期背后的科学；另一方面，那些代代相传的神话传说。前者基于事实，而后者充满了多种版本的变体，但它们都是爷爷奶奶讲得津津乐道的故事

Isn’t it amazing how opposites come together to shape one of the largest celebrations in Chinese culture? Spring Festival has a different meaning to each individual. For example, Baidu and Wikipedia say eating dumplings brings fortune, but my family prefers leek and tofu. While some of you are hanging red couplets today, we did it a week ago. Everything I’ve written here is new to me, so for me, this year’s meaning is about exploring traditions!

对立的两者结合起来，成就了中国文化中最盛大的节日之一，难道不是很神奇吗？春节对每个人来说都有不同的意义。例如，百度和维基百科说吃饺子可以招财，但我家更喜欢吃韭菜豆腐；有人今天贴春联，我们却一周前就贴好了。我写的所有内容对我来说都是新的，所以今年春节的意义对我而言，就是探索传统！

Image

Lastly, I wish everyone a Happy Chinese New Year! 

最后，祝大家新年快乐！

Written By: Grace Cai

Edited By: Sachiko Ting

Translated By: Angela Shi

ImageImage""",270,23,10,11,2025-1-28
50,"""February 2025 Book and Movie/Film Recommendations""","""February 2025 Book and Movie/Film Recommendations
Image

Hello, February 2025! A new month means new stories to discover. Whether in the pages of a book or on the big screen, there’s always something to inspire, challenge, and move us. Let’s dive into another month of great books and films!

Book/s Recommendation

The Distant Sunflower Fields by Li Juan

Image

This book chronicles a farming life filled with hardships and unexpected encounters. More like a novel than prose, it captures a fragile yet profound experience of existence—entirely exposed to nature, insignificant yet dignified and full of joy—laid out on the path leading to the sunflower fields.

“Grandma, what kind of dazzling gold is death?” Li Juan writes about her time living with her grandmother, describing their moments together in the sunflower fields.

Under the glow of thousands of acres of sunflowers, summer announces its end, and the grand arrival of autumn begins. Her grandmother, in her lonely admiration, said, “How beautiful it is! Everything is so bright and radiant.” She couldn’t help but wonder again why her grandmother died, why she was willing to leave.

“Grandma, look, the world you gave up remains unchanged. The radiance you loved still arrives on time every year without hesitation.”

“So, Grandma, what kind of dazzling gold is death?” This line left the deepest impression on me. Later, Li Juan’s grandmother moved to the city but never fulfilled her wish to return to Altay. Like many elderly people who have spent their lives in rural areas but are later forced to move to cities to live with their children, her grandmother’s connection to the city was awkward and unfamiliar. This unfamiliarity drew her closer to death.

Death, the final stage of life that the living cannot experience, is imbued with too much meaning by those who remain. For Li Juan, death initially carried a heavy significance: it marked the complete severance of emotional bonds in the physical world. Without her grandmother’s love to rely on, her desires would remain unfulfilled—a reflection of her deep attachment to wanting her loved one to stay. However, for her grandmother, perhaps death was the only way to truly take flight, as she was too old to reintegrate into the world. This kind of suffering directly contradicted the meaning Li Juan assigned to death.

In the end, Li Juan seemed to realize that in her grandmother’s eyes, death might be no different from the golden Altay she adored. Since her grandmother found beauty in it, any attempts at persuasion or retention were ultimately futile.

This book conveys some universal truths to readers, but more often, it simply records the connections Li Juan and her family formed with life and nature. She also depicts the emotional impact of assigning meaning to things, such as her grandmother’s death and her feelings of unbearable shame, as well as the overwhelming awe and transformation she experienced when attributing significance to nature.

In the boundless desert, no answers are visible. Humanity has little choice but to revere and listen to what lies beyond itself and nature.

Stepping out of the role of a reader and returning to my meaning-laden urban life, I feel a sense of relief. Sometimes, I think life is a stagnant pool, perhaps because I’m too caught up in assigning it negative meanings.

You can certainly ponder the meaning of the world and enjoy the pleasure of reflection. But if meaning brings too much pain and fear, don’t forget: We always have the right to ignore its existence.

Contact by Carl Sagan

Image

The novel, “Contact,” by Carl Sagan, is about Ellie Arroway, who decodes a signal from extraterrestrial life. The story explores the tensions between science, politics, and religion, revealing humanity’s intellectual and moral capacity to engage with an advanced civilization.

Dr. Ellie Arroway is a radio astronomer, leading her team, scanning the skies for extraterrestrial signals. After years of relentless efforts, Ellie finally discovers a repeating signal from the Vega star system. The signal contains a series of prime numbers and eventually reveals blueprints for an advanced machine. As nations collaborate and debate construction for this project, conflict arise between scientific communities and political leaders. After the construction of the machine, Ellie becomes one of the individuals to travel through the machine. Her journey through the machine leads to a deeply personal encounter with an alien intelligence who appears as her deceased father. This experience challenged her understanding of life and the universe. However, once she returns back on Earth, there is no physical evidence of her journey and she has to find a way to convince the world of her experience.

This novel shows readers the importance of perseverance. In the novel, Ellie’s determination and the courage to question the uncertainty lead to valuable findings in space exploration even when she is met with skepticism. Her journey reminded me that the pursuit of knowledge is as much about personal growth as it is about discovering universal truths, making me think about the balance between the skepticism and belief in my own life. Most importantly, the way Ellie is portrayed in the novel really inspired me to embrace questioning uncertainties without fear of how others might perceive me because this process is essential for personal growth and development.

The BFG by Roald Dahl

Image

Giants are supposed to eat humans. What happens when a giant chooses not to? Well, that’s what the BFG (Big Friendly Giant) has to go through. Isolated from all the other giants in his cave, the BFG has nothing to eat except giant disgusting snozzcumbers. Not only that, the BFG, being the smallest giant in his group, gets bullied and tossed around whenever he goes out... literally tossed around. While this is definitely enough to make anyone go crazy, the BFG manages to keep his composure with his secret pastime involving a butterfly net and a mysterious giant long trumpet.  Everything changes though, when a little girl manages to make it to giant country alive...

The BFG is a children’s book written by British author Roald Dahl. It tells an interesting, lighthearted story that has fun, unexpected turns in the middle and ends with surprisingly deep lessons. The BFG teaches us that we should stand for what we believe in, just like how the BFG refused to eat humans even it meant being shunned and looked down on by the other giants. It also shows us that sacrifices are still worth it even when it may seem unappreciated at first. Ultimately, the BFG is a great story to read, whether to improve your english or to immerse yourself in the wonderful writing.

Movie/Film Recommendation

Inside Out

Image

Inside Out is a must-watch for teenagers, blending stunning visuals with an emotionally powerful story that highlights the challenges that adolescent face during their puberty time period. The movie also states ways that teenagers could use to address their dramatic change in personality, mood and the way they see things in-terms of relationship with others. 

The movie follows Riley, a 13-year-old girl navigating the emotional turbulence of adolescence. The film captures the confusion, mood swings, and self-doubt that come with growing up, showing how these emotions are not just obstacles, but crucial parts of personal growth. It’s a powerful reminder that it’s okay to feel lost or overwhelmed during this part of time in life and that emotions, even the difficult ones, help shape who we are. The most relating scene in the movie is when audiences hear the phrase “I am not good enough” as it covers all negative emotion including self doubt, self abasement and self accusation. The most vital lesson that could be taken away from the movie is to accept who we are, both the positives and the negatives, because no one is perfect, Riley could be the top student in class, but she can also make silly mistakes; she could play in the hockey school varsity team, but she can also have atypical ideas. 

Inside Out provides valuable insights into coping with life's changes and fostering emotional resilience. It’s a relatable and heartwarming story for anyone navigating the ups and downs of growing up.

Little Women

Image

""Little Women"", directed by Greta Gerwig, breathes new life into the classic novel. It's a heartwarming and touching film that I can't wait to recommend to everyone!

The story revolves around the four March sisters. Set in 19th - century New England, they experience life, love, and pursue their dreams. The characters in the movie are incredibly well - portrayed! Jo is a passionate tomboy who dreams of becoming a writer. Watching her grow from a young girl to a renowned author, I seemed to see my own shadow in the pursuit of dreams, and it really resonated with me. Meg, the eldest sister, makes me understand the preciousness of family and the choices between love and wealth. Beth is kind - hearted and gentle. Even when afflicted by illness, she remains selfless, and I couldn't hold back my tears while watching. Amy's transformation from a spoiled girl to a mature woman also deeply touches me.

The film's cinematography is a visual feast. The warm golden hues of the March family home immediately draw me into that loving family. The outdoor scenes of the New England countryside are so beautiful that every frame could be captured as a wallpaper.

Its themes are profound, touching on sisterly bonds, the pursuit of dreams, and the true meaning of love. It reminds me of the unwavering support from my family. No matter how far - fetched our dreams may seem, they are worth striving for.

""Little Women"" is not just a movie; it's an unforgettable emotional journey. It's also great for English beginners. Guys, don't miss it and bookmark it right away!

ImageImage""",47,5,1,1,2025-2-1